,2,3,4,5,6,7,8,9,10,12,14,15,16,18,20,25,30,35,40,45
0,67.86,44.78,45.33,46.55,47.3,48.73,49.03,49.93,50.83,51.9,53.71,54.61,55.41,57.01,58.61,62.26,65.3,67.29,69.28,71.27
0.1,67.95,50.37,50.7,52.01,52.77,54.23,54.41,55.35,56.3,56.82,58.63,59.53,60.3,61.84,63.38,66.86,69.82,71.67,73.51,75.35
0.2,69.28,58.63,58.64,60.25,60.92,61.8,62.41,63.25,64.08,64.1,65.79,66.64,67.33,68.73,70.12,73.24,75.83,77.45,79.08,80.71
0.3,72.43,68.21,67.91,69.59,70.18,70.31,71.44,72.12,72.79,72.52,73.98,74.71,75.29,76.46,77.63,80.19,82.27,83.54,84.81,86.08
0.4,77.22,76.78,76.39,77.75,78.26,78.1,79.26,79.81,80.36,80.06,81.24,81.83,82.29,83.21,84.12,86.12,87.71,88.63,89.54,90.45
0.5,82.76,83.29,82.94,83.95,84.38,84.26,85.13,85.58,86.04,85.87,86.75,87.19,87.55,88.27,88.98,90.52,91.72,92.35,92.98,93.61
0.6,87.7,88.12,87.77,88.52,88.94,88.84,89.47,89.84,90.21,90.14,90.78,91.1,91.38,91.94,92.51,93.64,94.55,94.97,95.4,95.83
0.7,91.45,91.77,91.43,91.97,92.34,92.26,92.7,92.99,93.29,93.27,93.74,93.97,94.18,94.62,95.05,95.87,96.51,96.82,97.12,97.42
0.8,94.26,94.45,94.17,94.54,94.81,94.79,95.1,95.32,95.54,95.51,95.87,96.05,96.22,96.54,96.87,97.42,97.87,98.08,98.3,98.52
0.9,96.3,96.42,96.16,96.45,96.62,96.66,96.86,97.01,97.16,97.12,97.41,97.56,97.67,97.91,98.14,98.48,98.8,98.93,99.06,99.19
1,97.71,97.84,97.58,97.83,97.93,97.98,98.12,98.22,98.32,98.26,98.49,98.6,98.68,98.84,98.99,99.2,99.43,99.5,99.57,99.64
1.1,98.7,98.77,98.57,98.79,98.86,98.89,98.99,99.04,99.09,99.04,99.21,99.3,99.34,99.41,99.49,99.65,99.8,99.83,99.86,99.89
1.2,99.36,99.37,99.26,99.41,99.47,99.49,99.56,99.57,99.58,99.56,99.66,99.71,99.73,99.76,99.79,99.91,99.96,99.97,99.99,100.01
1.3,99.73,99.78,99.71,99.78,99.82,99.83,99.88,99.87,99.86,99.87,99.91,99.93,99.93,99.94,99.95,99.99,99.98,99.97,99.97,99.97
1.4,99.97,99.96,99.94,99.96,99.98,99.98,99.99,99.99,99.99,100,99.99,99.98,99.98,99.97,99.97,99.94,99.91,99.9,99.88,99.86
1.5,99.97,99.98,99.96,99.97,99.98,99.96,99.98,99.97,99.96,99.96,99.94,99.93,99.91,99.87,99.84,99.77,99.78,99.75,99.73,99.71
1.6,99.79,99.89,99.79,99.83,99.89,99.83,99.89,99.85,99.81,99.8,99.8,99.81,99.77,99.7,99.62,99.53,99.56,99.53,99.5,99.47
1.7,99.46,99.68,99.53,99.59,99.7,99.63,99.7,99.66,99.62,99.58,99.58,99.58,99.53,99.45,99.37,99.28,99.29,99.28,99.26,99.24
1.8,99.07,99.38,99.22,99.3,99.39,99.38,99.39,99.38,99.36,99.3,99.28,99.27,99.23,99.16,99.08,99.01,99.02,99.02,99.03,99.04
1.9,98.66,99.03,98.86,98.97,99.03,99.08,99.02,99.03,99.04,98.98,98.95,98.94,98.91,98.84,98.78,98.71,98.72,98.75,98.78,98.81
2,98.22,98.62,98.45,98.59,98.64,98.72,98.62,98.65,98.67,98.64,98.61,98.6,98.57,98.52,98.47,98.4,98.39,98.43,98.48,98.53
2.1,97.74,98.14,98,98.16,98.22,98.32,98.24,98.26,98.28,98.27,98.26,98.25,98.23,98.19,98.14,98.05,98.05,98.1,98.15,98.2
2.2,97.21,97.6,97.52,97.76,97.78,97.92,97.86,97.87,97.88,97.89,97.9,97.9,97.88,97.83,97.78,97.68,97.71,97.76,97.81,97.86
2.3,96.65,97.05,97.05,97.35,97.34,97.51,97.46,97.47,97.47,97.52,97.53,97.54,97.52,97.47,97.42,97.32,97.38,97.43,97.48,97.53
2.4,96.07,96.48,96.59,96.88,96.91,97.08,97.01,97.05,97.08,97.14,97.16,97.16,97.14,97.11,97.07,96.98,97.06,97.1,97.14,97.18
2.5,95.5,95.92,96.12,96.36,96.47,96.63,96.57,96.63,96.7,96.74,96.76,96.77,96.75,96.73,96.7,96.64,96.74,96.78,96.82,96.86
2.6,94.94,95.41,95.6,95.85,96.05,96.16,96.15,96.22,96.28,96.34,96.38,96.4,96.38,96.35,96.32,96.29,96.4,96.45,96.5,96.55
2.7,94.39,94.93,95.06,95.36,95.6,95.7,95.7,95.76,95.83,95.92,96.01,96.05,96.03,95.99,95.95,95.92,96.04,96.09,96.15,96.21
2.8,93.84,94.44,94.53,94.88,95.12,95.24,95.23,95.31,95.38,95.5,95.62,95.67,95.65,95.62,95.58,95.56,95.67,95.73,95.78,95.83
2.9,93.28,93.89,94.05,94.37,94.63,94.79,94.82,94.88,94.94,95.08,95.2,95.26,95.25,95.23,95.2,95.19,95.34,95.39,95.45,95.51
3,92.72,93.27,93.58,93.83,94.18,94.33,94.41,94.45,94.48,94.67,94.79,94.85,94.85,94.84,94.84,94.82,95,95.08,95.15,95.22
3.1,92.14,92.69,93.09,93.33,93.74,93.87,93.97,94.01,94.06,94.26,94.38,94.44,94.45,94.47,94.49,94.47,94.64,94.74,94.83,94.92
3.2,91.55,92.18,92.58,92.89,93.26,93.42,93.52,93.59,93.66,93.84,93.98,94.05,94.07,94.09,94.12,94.14,94.28,94.38,94.48,94.58
3.3,90.96,91.69,92.08,92.45,92.76,92.98,93.08,93.18,93.27,93.42,93.6,93.68,93.69,93.71,93.73,93.8,93.94,94.04,94.13,94.22
3.4,90.37,91.14,91.55,91.96,92.28,92.54,92.65,92.76,92.86,93.02,93.2,93.3,93.31,93.33,93.36,93.43,93.59,93.7,93.8,93.9
3.5,89.79,90.59,91.05,91.43,91.8,92.1,92.21,92.32,92.43,92.65,92.82,92.9,92.92,92.96,92.99,93.04,93.22,93.34,93.46,93.58
3.6,89.22,90.06,90.58,90.92,91.32,91.63,91.75,91.87,92,92.27,92.44,92.52,92.54,92.58,92.62,92.66,92.87,92.99,93.11,93.23
3.7,88.66,89.56,90.11,90.46,90.85,91.16,91.27,91.43,91.58,91.88,92.05,92.14,92.16,92.19,92.22,92.3,92.53,92.65,92.77,92.89
3.8,88.1,89.05,89.63,90.01,90.39,90.69,90.81,90.98,91.15,91.46,91.64,91.74,91.75,91.79,91.82,91.95,92.17,92.3,92.43,92.56
3.9,87.55,88.54,89.12,89.54,89.94,90.24,90.35,90.54,90.73,91.04,91.25,91.35,91.37,91.4,91.44,91.6,91.82,91.96,92.1,92.24
4,86.99,88,88.55,89.07,89.49,89.8,89.92,90.11,90.3,90.61,90.85,90.97,90.99,91.04,91.08,91.24,91.45,91.6,91.75,91.9
4.1,86.43,87.43,88.01,88.59,89.02,89.36,89.49,89.69,89.88,90.2,90.44,90.56,90.59,90.64,90.7,90.9,91.08,91.24,91.39,91.54
4.2,85.87,86.87,87.49,88.08,88.53,88.91,89.07,89.27,89.48,89.78,90.02,90.13,90.17,90.24,90.31,90.55,90.72,90.88,91.05,91.22
4.3,85.31,86.35,86.98,87.59,88.04,88.46,88.63,88.84,89.05,89.38,89.62,89.74,89.78,89.86,89.95,90.18,90.37,90.55,90.72,90.89
4.4,84.77,85.83,86.48,87.11,87.59,88,88.17,88.38,88.59,88.99,89.25,89.37,89.42,89.51,89.6,89.79,90.04,90.22,90.4,90.58
4.5,84.24,85.32,85.96,86.62,87.15,87.53,87.71,87.93,88.15,88.6,88.85,88.98,89.03,89.13,89.23,89.43,89.72,89.9,90.07,90.24
4.6,83.7,84.77,85.42,86.16,86.68,87.05,87.28,87.51,87.74,88.18,88.43,88.55,88.61,88.73,88.84,89.06,89.37,89.54,89.71,89.88
4.7,83.16,84.23,84.95,85.69,86.18,86.58,86.87,87.1,87.34,87.76,88.04,88.18,88.24,88.35,88.47,88.68,88.99,89.17,89.35,89.53
4.8,82.61,83.72,84.52,85.18,85.7,86.13,86.43,86.68,86.93,87.34,87.67,87.84,87.89,88,88.11,88.3,88.64,88.82,89.01,89.2
4.9,82.06,83.22,84.03,84.66,85.26,85.7,85.98,86.25,86.51,86.93,87.29,87.46,87.52,87.62,87.73,87.96,88.31,88.5,88.7,88.9
5,81.49,82.72,83.49,84.19,84.82,85.27,85.54,85.81,86.07,86.52,86.88,87.05,87.11,87.24,87.37,87.63,87.96,88.16,88.36,88.56
5.1,80.94,82.21,82.98,83.73,84.35,84.84,85.12,85.37,85.61,86.12,86.47,86.64,86.72,86.86,87.01,87.28,87.61,87.81,88,88.19
5.2,80.38,81.68,82.48,83.27,83.9,84.41,84.68,84.93,85.17,85.72,86.09,86.27,86.34,86.48,86.63,86.91,87.26,87.45,87.65,87.85
5.3,79.84,81.17,82.01,82.8,83.45,83.97,84.23,84.49,84.76,85.29,85.69,85.9,85.96,86.09,86.22,86.54,86.9,87.11,87.32,87.53
5.4,79.33,80.69,81.55,82.32,83,83.51,83.81,84.08,84.35,84.88,85.29,85.49,85.56,85.7,85.84,86.18,86.53,86.76,86.99,87.22
5.5,78.84,80.2,81.09,81.83,82.56,83.04,83.38,83.67,83.95,84.5,84.89,85.08,85.16,85.32,85.48,85.82,86.17,86.41,86.65,86.89
5.6,78.35,79.66,80.59,81.36,82.12,82.6,82.94,83.24,83.54,84.1,84.49,84.69,84.77,84.94,85.11,85.48,85.83,86.07,86.3,86.53
5.7,77.86,79.11,80.09,80.9,81.68,82.17,82.49,82.81,83.12,83.7,84.1,84.3,84.38,84.56,84.74,85.12,85.48,85.72,85.95,86.18
5.8,77.34,78.59,79.59,80.44,81.21,81.73,82.05,82.38,82.71,83.29,83.7,83.9,84,84.19,84.38,84.73,85.12,85.37,85.61,85.85
5.9,76.8,78.16,79.11,79.98,80.73,81.29,81.6,81.94,82.28,82.88,83.29,83.5,83.61,83.81,84.02,84.37,84.78,85.03,85.29,85.55
6,76.27,77.71,78.67,79.53,80.26,80.85,81.17,81.52,81.87,82.46,82.88,83.09,83.21,83.43,83.66,84.04,84.43,84.7,84.96,85.22
6.1,75.73,77.2,78.22,79.07,79.78,80.41,80.77,81.11,81.45,82.06,82.49,82.7,82.82,83.05,83.28,83.67,84.07,84.35,84.63,84.91
6.2,75.22,76.67,77.74,78.6,79.32,79.97,80.34,80.69,81.04,81.65,82.11,82.34,82.45,82.67,82.89,83.3,83.71,84.01,84.3,84.59
6.3,74.71,76.2,77.28,78.14,78.91,79.53,79.9,80.26,80.62,81.27,81.73,81.95,82.07,82.29,82.51,82.96,83.38,83.68,83.97,84.26
6.4,74.22,75.75,76.83,77.7,78.51,79.1,79.49,79.85,80.21,80.89,81.32,81.53,81.66,81.92,82.18,82.63,83.07,83.35,83.64,83.93
6.5,73.73,75.28,76.35,77.26,78.06,78.67,79.1,79.46,79.82,80.48,80.93,81.15,81.29,81.56,81.83,82.29,82.74,83.03,83.31,83.59
6.6,73.25,74.82,75.86,76.81,77.6,78.24,78.68,79.06,79.44,80.08,80.57,80.81,80.94,81.2,81.46,81.93,82.37,82.67,82.98,83.29
6.7,72.79,74.36,75.42,76.37,77.16,77.82,78.23,78.64,79.05,79.69,80.2,80.46,80.58,80.83,81.09,81.55,82.01,82.31,82.62,82.93
6.8,72.34,73.87,74.99,75.96,76.73,77.39,77.79,78.21,78.64,79.29,79.81,80.08,80.21,80.47,80.73,81.17,81.67,81.98,82.28,82.58
6.9,71.9,73.4,74.55,75.53,76.27,76.96,77.38,77.8,78.21,78.89,79.41,79.67,79.81,80.09,80.38,80.82,81.34,81.64,81.95,82.26
7,71.45,72.97,74.11,75.07,75.81,76.53,76.97,77.39,77.81,78.51,79.03,79.28,79.43,79.72,80.01,80.49,80.99,81.3,81.61,81.92
7.1,71,72.52,73.69,74.62,75.38,76.1,76.55,76.98,77.42,78.13,78.67,78.94,79.08,79.36,79.65,80.16,80.65,80.97,81.28,81.59
7.2,70.52,72.06,73.24,74.17,74.97,75.68,76.15,76.58,77.01,77.74,78.3,78.58,78.72,79,79.28,79.84,80.3,80.63,80.95,81.27
7.3,70.03,71.64,72.76,73.69,74.55,75.26,75.76,76.17,76.59,77.35,77.91,78.19,78.34,78.64,78.93,79.5,79.94,80.28,80.62,80.96
7.4,69.54,71.2,72.3,73.2,74.13,74.83,75.34,75.76,76.18,76.98,77.53,77.81,77.96,78.27,78.58,79.16,79.62,79.96,80.31,80.66
7.5,69.06,70.74,71.85,72.77,73.72,74.43,74.93,75.36,75.8,76.63,77.17,77.44,77.6,77.91,78.22,78.81,79.3,79.65,80,80.35
7.6,68.59,70.28,71.4,72.36,73.3,74.03,74.55,74.98,75.42,76.25,76.81,77.09,77.24,77.56,77.88,78.44,78.97,79.33,79.7,80.07
7.7,68.14,69.81,70.99,71.94,72.88,73.61,74.14,74.58,75.03,75.85,76.42,76.7,76.87,77.21,77.55,78.07,78.65,79.02,79.38,79.74
7.8,67.7,69.32,70.57,71.53,72.46,73.18,73.7,74.17,74.63,75.46,76.03,76.31,76.49,76.84,77.2,77.73,78.31,78.69,79.06,79.43
7.9,67.28,68.87,70.13,71.14,72.02,72.76,73.3,73.77,74.24,75.08,75.66,75.94,76.12,76.48,76.84,77.39,77.95,78.33,78.72,79.11
8,66.86,68.48,69.68,70.71,71.6,72.36,72.93,73.4,73.87,74.69,75.29,75.59,75.77,76.13,76.49,77.06,77.59,77.98,78.37,78.76
8.1,66.43,68.09,69.26,70.24,71.2,71.96,72.54,73.01,73.48,74.3,74.92,75.22,75.4,75.76,76.12,76.72,77.26,77.65,78.04,78.43
8.2,66.01,67.69,68.84,69.82,70.8,71.56,72.15,72.62,73.1,73.92,74.53,74.84,75.02,75.39,75.76,76.39,76.93,77.33,77.73,78.13
8.3,65.56,67.3,68.44,69.44,70.36,71.15,71.72,72.23,72.74,73.55,74.17,74.47,74.66,75.03,75.4,76.05,76.6,77.02,77.43,77.84
8.4,65.11,66.91,68.04,69.05,69.95,70.74,71.3,71.84,72.38,73.18,73.8,74.11,74.3,74.68,75.06,75.72,76.29,76.69,77.1,77.51
8.5,64.67,66.48,67.63,68.61,69.56,70.35,70.9,71.44,71.98,72.81,73.42,73.72,73.92,74.33,74.73,75.4,75.98,76.38,76.77,77.16
8.6,64.23,66.02,67.22,68.19,69.16,69.96,70.51,71.05,71.59,72.44,73.06,73.37,73.57,73.98,74.39,75.06,75.67,76.06,76.46,76.86
8.7,63.81,65.57,66.8,67.79,68.76,69.58,70.13,70.66,71.19,72.06,72.71,73.04,73.24,73.64,74.03,74.71,75.31,75.73,76.15,76.57
8.8,63.4,65.17,66.36,67.38,68.37,69.18,69.74,70.28,70.81,71.68,72.35,72.69,72.89,73.28,73.67,74.37,74.96,75.4,75.83,76.26
8.9,63,64.8,65.91,66.95,67.96,68.77,69.34,69.89,70.44,71.33,72,72.33,72.53,72.93,73.33,74.04,74.65,75.09,75.53,75.97
9,62.6,64.37,65.51,66.53,67.54,68.38,68.96,69.52,70.08,70.98,71.65,71.99,72.19,72.59,72.99,73.72,74.35,74.78,75.22,75.66
9.1,62.21,63.91,65.12,66.13,67.14,67.99,68.59,69.14,69.7,70.64,71.31,71.65,71.85,72.24,72.63,73.39,74.03,74.47,74.9,75.33
9.2,61.83,63.54,64.74,65.74,66.77,67.63,68.19,68.76,69.32,70.27,70.97,71.32,71.51,71.9,72.29,73.05,73.72,74.15,74.59,75.03
9.3,61.44,63.2,64.34,65.37,66.39,67.26,67.81,68.38,68.95,69.89,70.6,70.96,71.16,71.57,71.97,72.72,73.39,73.83,74.27,74.71
9.4,61.05,62.8,63.94,64.98,65.99,66.89,67.43,68.01,68.59,69.53,70.22,70.57,70.78,71.21,71.64,72.38,73.05,73.5,73.96,74.42
9.5,60.66,62.36,63.55,64.59,65.59,66.51,67.05,67.65,68.24,69.17,69.86,70.2,70.42,70.86,71.3,72.05,72.72,73.19,73.66,74.13
9.6,60.25,61.92,63.17,64.23,65.22,66.13,66.68,67.27,67.86,68.8,69.51,69.87,70.09,70.52,70.96,71.73,72.4,72.88,73.35,73.82
9.7,59.84,61.49,62.77,63.85,64.85,65.74,66.33,66.91,67.49,68.43,69.16,69.52,69.75,70.19,70.64,71.42,72.09,72.57,73.05,73.53
9.8,59.43,61.13,62.39,63.44,64.46,65.36,65.95,66.54,67.13,68.07,68.8,69.17,69.4,69.85,70.31,71.09,71.78,72.26,72.73,73.2
9.9,59.03,60.8,62.01,63.03,64.07,64.98,65.56,66.17,66.78,67.72,68.45,68.81,69.04,69.5,69.96,70.77,71.48,71.95,72.41,72.87
10,58.65,60.44,61.63,62.65,63.67,64.6,65.2,65.81,66.43,67.37,68.1,68.47,68.7,69.16,69.62,70.46,71.16,71.63,72.1,72.57
10.1,58.3,60.06,61.24,62.28,63.3,64.23,64.84,65.46,66.08,67.01,67.76,68.13,68.37,68.83,69.3,70.14,70.81,71.31,71.81,72.31
10.2,57.95,59.69,60.85,61.89,62.94,63.87,64.48,65.09,65.7,66.67,67.42,67.8,68.04,68.51,68.97,69.81,70.48,71,71.51,72.02
10.3,57.61,59.32,60.46,61.51,62.6,63.52,64.12,64.73,65.34,66.32,67.08,67.46,67.7,68.17,68.64,69.51,70.19,70.7,71.21,71.72
10.4,57.26,58.96,60.08,61.14,62.23,63.15,63.74,64.37,65,65.97,66.74,67.13,67.37,67.84,68.32,69.21,69.88,70.38,70.88,71.38
10.5,56.88,58.57,59.72,60.76,61.84,62.77,63.38,64.02,64.66,65.63,66.41,66.8,67.04,67.52,68.01,68.91,69.56,70.06,70.57,71.08
10.6,56.49,58.17,59.38,60.4,61.45,62.4,63.04,63.67,64.29,65.28,66.07,66.47,66.71,67.2,67.69,68.59,69.24,69.76,70.27,70.78
10.7,56.09,57.8,59,60.07,61.1,62.03,62.71,63.33,63.94,64.94,65.73,66.12,66.37,66.87,67.37,68.28,68.95,69.47,69.99,70.51
10.8,55.7,57.47,58.63,59.75,60.74,61.67,62.35,62.98,63.61,64.61,65.39,65.77,66.02,66.53,67.03,67.96,68.64,69.17,69.69,70.21
10.9,55.31,57.1,58.26,59.38,60.37,61.32,61.98,62.62,63.27,64.26,65.05,65.45,65.7,66.21,66.71,67.65,68.31,68.85,69.38,69.91
11,54.94,56.74,57.9,59.03,60.03,60.97,61.6,62.26,62.92,63.91,64.74,65.15,65.4,65.9,66.4,67.33,68,68.53,69.06,69.59
11.1,54.57,56.42,57.55,58.69,59.71,60.62,61.25,61.91,62.58,63.59,64.42,64.84,65.09,65.6,66.1,67,67.72,68.25,68.77,69.29
11.2,54.22,56.07,57.21,58.33,59.36,60.26,60.91,61.58,62.24,63.26,64.09,64.51,64.77,65.29,65.8,66.69,67.43,67.96,68.49,69.02
11.3,53.86,55.67,56.88,57.96,58.98,59.91,60.59,61.25,61.9,62.94,63.77,64.18,64.44,64.97,65.49,66.39,67.13,67.66,68.19,68.72
11.4,53.51,55.32,56.54,57.59,58.59,59.56,60.26,60.91,61.56,62.62,63.44,63.85,64.11,64.63,65.15,66.08,66.83,67.36,67.89,68.42
11.5,53.16,55,56.19,57.22,58.23,59.22,59.92,60.57,61.22,62.3,63.12,63.53,63.79,64.3,64.82,65.77,66.52,67.06,67.61,68.16
11.6,52.82,54.68,55.85,56.85,57.89,58.88,59.58,60.23,60.89,61.96,62.78,63.2,63.46,63.99,64.52,65.47,66.22,66.77,67.31,67.85
11.7,52.48,54.34,55.48,56.52,57.55,58.52,59.25,59.9,60.55,61.62,62.46,62.88,63.14,63.67,64.19,65.16,65.93,66.47,67.02,67.57
11.8,52.16,53.98,55.12,56.19,57.2,58.18,58.91,59.56,60.21,61.3,62.14,62.56,62.82,63.35,63.87,64.85,65.63,66.17,66.72,67.27
11.9,51.84,53.63,54.77,55.87,56.85,57.85,58.53,59.22,59.9,60.97,61.82,62.24,62.51,63.04,63.58,64.57,65.33,65.89,66.44,66.99
12,51.52,53.27,54.45,55.52,56.53,57.52,58.17,58.88,59.58,60.63,61.48,61.91,62.18,62.74,63.3,64.28,65.04,65.61,66.17,66.73
12.1,51.19,52.94,54.11,55.18,56.22,57.2,57.85,58.55,59.25,60.3,61.15,61.57,61.85,62.42,62.99,63.99,64.76,65.31,65.87,66.43
12.2,50.83,52.61,53.77,54.84,55.88,56.88,57.56,58.24,58.92,59.99,60.83,61.25,61.54,62.11,62.68,63.69,64.46,65.01,65.55,66.09
12.3,50.48,52.3,53.43,54.49,55.53,56.55,57.25,57.93,58.61,59.68,60.52,60.94,61.23,61.8,62.38,63.39,64.16,64.71,65.27,65.83
12.4,50.13,51.98,53.1,54.16,55.19,56.2,56.94,57.62,58.29,59.38,60.21,60.63,60.92,61.51,62.09,63.08,63.87,64.43,64.99,65.55
12.5,49.8,51.65,52.76,53.84,54.88,55.86,56.61,57.29,57.97,59.07,59.9,60.32,60.61,61.19,61.77,62.78,63.58,64.14,64.7,65.26
12.6,49.5,51.31,52.45,53.54,54.57,55.54,56.24,56.94,57.64,58.74,59.59,60.01,60.3,60.88,61.45,62.49,63.3,63.86,64.41,64.96
12.7,49.2,50.99,52.14,53.22,54.26,55.22,55.91,56.61,57.32,58.41,59.27,59.7,59.99,60.57,61.15,62.21,63.03,63.58,64.12,64.66
12.8,48.89,50.67,51.82,52.89,53.96,54.9,55.62,56.31,56.99,58.08,58.96,59.39,59.68,60.26,60.84,61.92,62.75,63.29,63.84,64.39
12.9,48.59,50.34,51.49,52.55,53.65,54.58,55.33,56.01,56.69,57.77,58.65,59.09,59.38,59.96,60.54,61.62,62.45,63.01,63.57,64.13
13,48.28,50,51.16,52.23,53.34,54.25,54.99,55.69,56.38,57.46,58.34,58.77,59.07,59.66,60.25,61.32,62.17,62.73,63.3,63.87
13.1,47.98,49.69,50.84,51.92,53.01,53.94,54.65,55.36,56.06,57.15,58.02,58.46,58.76,59.36,59.96,61.01,61.91,62.47,63.03,63.59
13.2,47.69,49.4,50.52,51.63,52.68,53.64,54.33,55.03,55.73,56.85,57.72,58.16,58.46,59.07,59.67,60.7,61.62,62.19,62.75,63.31
13.3,47.39,49.11,50.2,51.33,52.36,53.34,54.03,54.73,55.44,56.57,57.42,57.85,58.16,58.77,59.38,60.42,61.31,61.89,62.47,63.05
13.4,47.09,48.78,49.9,51,52.05,53.03,53.74,54.45,55.15,56.28,57.12,57.55,57.85,58.46,59.08,60.15,61.01,61.61,62.2,62.79
13.5,46.79,48.46,49.61,50.69,51.74,52.7,53.45,54.14,54.83,55.97,56.82,57.25,57.55,58.16,58.78,59.87,60.74,61.34,61.94,62.54
13.6,46.49,48.15,49.32,50.39,51.45,52.39,53.14,53.82,54.5,55.66,56.52,56.95,57.26,57.87,58.49,59.59,60.46,61.06,61.65,62.24
13.7,46.2,47.85,49.03,50.09,51.17,52.08,52.82,53.51,54.19,55.37,56.23,56.65,56.97,57.6,58.22,59.31,60.2,60.79,61.38,61.97
13.8,45.92,47.56,48.73,49.79,50.88,51.79,52.51,53.2,53.89,55.08,55.95,56.38,56.69,57.32,57.95,59.04,59.94,60.52,61.11,61.7
13.9,45.63,47.27,48.41,49.5,50.56,51.49,52.22,52.91,53.6,54.79,55.66,56.1,56.41,57.04,57.66,58.77,59.65,60.25,60.85,61.45
14,45.32,46.98,48.11,49.22,50.24,51.2,51.92,52.62,53.32,54.49,55.36,55.8,56.11,56.74,57.38,58.5,59.37,59.97,60.58,61.19
14.1,45,46.65,47.82,48.93,49.94,50.9,51.63,52.32,53.02,54.18,55.06,55.5,55.82,56.46,57.1,58.22,59.11,59.71,60.31,60.91
14.2,44.69,46.36,47.55,48.62,49.63,50.6,51.34,52.03,52.72,53.89,54.78,55.23,55.55,56.19,56.82,57.95,58.84,59.44,60.04,60.64
14.3,44.39,46.11,47.25,48.3,49.33,50.29,51.06,51.74,52.43,53.6,54.5,54.94,55.26,55.9,56.54,57.66,58.55,59.16,59.77,60.38
14.4,44.11,45.85,46.96,48,49.04,49.99,50.75,51.44,52.14,53.31,54.19,54.64,54.96,55.61,56.26,57.4,58.27,58.9,59.52,60.14
14.5,43.84,45.55,46.66,47.72,48.76,49.69,50.45,51.15,51.85,53.03,53.91,54.35,54.67,55.32,55.96,57.13,58.01,58.64,59.26,59.88
14.6,43.58,45.25,46.38,47.43,48.47,49.4,50.17,50.87,51.56,52.75,53.63,54.07,54.39,55.03,55.66,56.85,57.76,58.38,59,59.62
14.7,43.31,44.94,46.12,47.13,48.18,49.12,49.88,50.58,51.28,52.46,53.34,53.78,54.1,54.75,55.39,56.55,57.49,58.12,58.75,59.38
14.8,43.03,44.65,45.85,46.85,47.89,48.83,49.59,50.29,51,52.17,53.05,53.49,53.81,54.46,55.1,56.29,57.23,57.86,58.5,59.14
14.9,42.74,44.39,45.55,46.59,47.59,48.54,49.31,50.01,50.72,51.9,52.78,53.21,53.54,54.18,54.83,56.03,56.98,57.61,58.24,58.87
15,42.46,44.14,45.26,46.32,47.3,48.24,49.02,49.73,50.45,51.61,52.5,52.94,53.27,53.93,54.58,55.77,56.72,57.35,57.98,58.61
15.1,42.19,43.88,44.96,46.05,47.03,47.96,48.73,49.46,50.18,51.32,52.23,52.68,53.01,53.66,54.32,55.51,56.43,57.07,57.71,58.35
15.2,41.92,43.59,44.67,45.77,46.77,47.68,48.46,49.18,49.9,51.04,51.96,52.42,52.75,53.39,54.04,55.25,56.15,56.8,57.45,58.1
15.3,41.67,43.31,44.43,45.5,46.5,47.4,48.2,48.9,49.6,50.76,51.69,52.15,52.48,53.12,53.77,54.98,55.89,56.54,57.19,57.84
15.4,41.41,43.05,44.19,45.23,46.24,47.12,47.92,48.62,49.31,50.49,51.41,51.88,52.2,52.85,53.51,54.69,55.64,56.28,56.93,57.58
15.5,41.14,42.79,43.93,44.94,45.98,46.85,47.65,48.35,49.04,50.23,51.14,51.59,51.92,52.58,53.23,54.41,55.39,56.02,56.66,57.3
15.6,40.86,42.55,43.64,44.65,45.7,46.59,47.39,48.09,48.78,49.97,50.88,51.33,51.66,52.31,52.97,54.16,55.12,55.77,56.41,57.05
15.7,40.58,42.3,43.37,44.39,45.41,46.32,47.13,47.81,48.49,49.69,50.61,51.07,51.4,52.05,52.7,53.92,54.87,55.52,56.17,56.82
15.8,40.32,42.05,43.12,44.14,45.15,46.06,46.83,47.52,48.21,49.41,50.33,50.79,51.12,51.79,52.45,53.66,54.61,55.27,55.92,56.57
15.9,40.07,41.78,42.87,43.88,44.89,45.79,46.54,47.25,47.96,49.14,50.05,50.51,50.85,51.52,52.2,53.41,54.34,55.01,55.67,56.33
16,39.83,41.5,42.62,43.62,44.62,45.52,46.27,47,47.74,48.88,49.79,50.24,50.58,51.26,51.95,53.16,54.08,54.75,55.42,56.09
16.1,39.59,41.22,42.35,43.35,44.36,45.26,46.01,46.74,47.47,48.62,49.52,49.98,50.32,51,51.69,52.89,53.84,54.51,55.18,55.85
16.2,39.35,40.95,42.08,43.09,44.1,44.99,45.76,46.46,47.17,48.36,49.27,49.72,50.06,50.75,51.44,52.62,53.6,54.26,54.91,55.56
16.3,39.11,40.72,41.82,42.83,43.84,44.73,45.51,46.21,46.91,48.1,49.01,49.46,49.81,50.5,51.19,52.39,53.36,54.01,54.66,55.31
16.4,38.86,40.48,41.57,42.57,43.56,44.47,45.26,45.97,46.68,47.82,48.75,49.21,49.56,50.25,50.94,52.15,53.11,53.77,54.44,55.11
16.5,38.61,40.24,41.31,42.32,43.28,44.21,44.99,45.7,46.42,47.56,48.5,48.97,49.31,50,50.68,51.89,52.85,53.53,54.21,54.89
16.6,38.36,40,41.04,42.08,43,43.96,44.72,45.43,46.14,47.31,48.25,48.71,49.05,49.73,50.41,51.63,52.62,53.29,53.96,54.63
16.7,38.12,39.76,40.8,41.83,42.74,43.71,44.46,45.18,45.89,47.06,47.98,48.44,48.78,49.45,50.13,51.39,52.39,53.05,53.72,54.39
16.8,37.88,39.53,40.58,41.58,42.51,43.45,44.21,44.93,45.65,46.8,47.72,48.18,48.52,49.2,49.88,51.14,52.14,52.81,53.48,54.15
16.9,37.63,39.29,40.33,41.31,42.28,43.21,43.96,44.68,45.4,46.55,47.48,47.94,48.28,48.97,49.65,50.89,51.9,52.57,53.25,53.93
17,37.39,39.05,40.08,41.07,42.05,42.96,43.72,44.43,45.14,46.28,47.23,47.7,48.04,48.73,49.42,50.65,51.66,52.33,53,53.67
17.1,37.14,38.81,39.83,40.84,41.8,42.72,43.46,44.17,44.89,46.03,46.98,47.46,47.81,48.5,49.19,50.41,51.42,52.09,52.76,53.43
17.2,36.89,38.55,39.59,40.6,41.54,42.47,43.19,43.91,44.62,45.79,46.75,47.22,47.56,48.25,48.93,50.16,51.18,51.85,52.52,53.19
17.3,36.66,38.31,39.36,40.34,41.29,42.22,42.94,43.65,44.37,45.55,46.5,46.98,47.31,47.98,48.65,49.92,50.93,51.61,52.28,52.95
17.4,36.42,38.1,39.12,40.09,41.06,41.97,42.7,43.42,44.13,45.3,46.25,46.73,47.06,47.73,48.39,49.68,50.69,51.38,52.06,52.74
17.5,36.18,37.88,38.89,39.84,40.83,41.71,42.47,43.18,43.9,45.04,46,46.48,46.82,47.49,48.17,49.44,50.47,51.15,51.83,52.51
17.6,35.95,37.65,38.65,39.61,40.59,41.45,42.23,42.94,43.66,44.78,45.74,46.22,46.57,47.25,47.94,49.19,50.22,50.9,51.58,52.26
17.7,35.72,37.41,38.4,39.38,40.36,41.22,41.98,42.7,43.41,44.55,45.49,45.96,46.31,47.01,47.71,48.96,49.96,50.65,51.35,52.05
17.8,35.5,37.17,38.17,39.15,40.12,41,41.73,42.45,43.17,44.31,45.26,45.73,46.08,46.78,47.47,48.73,49.71,50.42,51.13,51.84
17.9,35.28,36.96,37.94,38.92,39.85,40.77,41.49,42.21,42.94,44.07,45.04,45.52,45.86,46.55,47.24,48.49,49.47,50.19,50.9,51.61
18,35.07,36.72,37.71,38.68,39.6,40.53,41.25,41.98,42.7,43.84,44.8,45.27,45.62,46.3,46.99,48.26,49.25,49.96,50.68,51.4
18.1,34.87,36.45,37.48,38.43,39.38,40.29,41.02,41.74,42.45,43.61,44.55,45.02,45.37,46.06,46.76,48.03,49.02,49.74,50.46,51.18
18.2,34.66,36.24,37.26,38.2,39.16,40.04,40.78,41.49,42.2,43.37,44.32,44.79,45.14,45.84,46.54,47.8,48.8,49.51,50.21,50.91
18.3,34.45,36.05,37.03,37.99,38.93,39.79,40.53,41.25,41.97,43.12,44.09,44.58,44.93,45.62,46.31,47.57,48.58,49.28,49.98,50.68
18.4,34.23,35.84,36.8,37.77,38.69,39.56,40.3,41.02,41.75,42.88,43.87,44.36,44.7,45.39,46.08,47.34,48.36,49.06,49.76,50.46
18.5,34.01,35.62,36.58,37.54,38.47,39.34,40.07,40.8,41.53,42.64,43.62,44.12,44.46,45.15,45.83,47.1,48.12,48.83,49.54,50.25
18.6,33.79,35.39,36.37,37.3,38.24,39.12,39.85,40.57,41.29,42.4,43.38,43.87,44.21,44.9,45.59,46.86,47.89,48.6,49.3,50
18.7,33.58,35.14,36.16,37.07,38.02,38.9,39.62,40.33,41.05,42.18,43.15,43.64,43.98,44.68,45.37,46.63,47.68,48.38,49.08,49.78
18.8,33.37,34.91,35.93,36.86,37.81,38.68,39.4,40.11,40.82,41.97,42.93,43.41,43.76,44.45,45.14,46.41,47.45,48.15,48.86,49.57
18.9,33.16,34.72,35.7,36.68,37.58,38.46,39.17,39.89,40.6,41.75,42.7,43.18,43.52,44.22,44.91,46.19,47.22,47.93,48.64,49.35
19,32.93,34.54,35.49,36.47,37.34,38.24,38.95,39.67,40.39,41.52,42.47,42.94,43.29,43.99,44.69,45.98,47.01,47.71,48.41,49.11
19.1,32.7,34.34,35.28,36.25,37.12,38.01,38.73,39.45,40.17,41.29,42.24,42.71,43.07,43.77,44.48,45.76,46.79,47.5,48.21,48.92
19.2,32.48,34.12,35.09,36.03,36.91,37.78,38.5,39.22,39.95,41.06,42.02,42.5,42.85,43.56,44.26,45.52,46.56,47.28,48,48.72
19.3,32.28,33.9,34.9,35.81,36.7,37.55,38.27,38.99,39.71,40.85,41.81,42.29,42.64,43.33,44.03,45.28,46.33,47.05,47.77,48.49
19.4,32.09,33.69,34.7,35.58,36.48,37.33,38.06,38.77,39.48,40.63,41.59,42.07,42.42,43.11,43.8,45.07,46.11,46.83,47.55,48.27
19.5,31.91,33.49,34.48,35.35,36.26,37.11,37.86,38.56,39.26,40.4,41.37,41.86,42.2,42.89,43.58,44.87,45.89,46.61,47.33,48.05
19.6,31.72,33.29,34.25,35.15,36.05,36.9,37.64,38.34,39.04,40.16,41.15,41.65,41.99,42.67,43.35,44.65,45.69,46.39,47.1,47.81
19.7,31.52,33.09,34.03,34.95,35.82,36.69,37.43,38.13,38.82,39.94,40.94,41.43,41.77,42.44,43.12,44.43,45.49,46.18,46.88,47.58
19.8,31.31,32.89,33.84,34.74,35.61,36.49,37.2,37.91,38.61,39.74,40.73,41.22,41.56,42.24,42.91,44.22,45.27,45.97,46.67,47.37
19.9,31.11,32.7,33.67,34.52,35.43,36.28,36.98,37.69,38.4,39.54,40.51,41,41.35,42.03,42.71,44.01,45.04,45.75,46.47,47.19
20,30.92,32.5,33.48,34.32,35.22,36.07,36.78,37.48,38.18,39.33,40.3,40.78,41.13,41.81,42.5,43.79,44.82,45.54,46.26,46.98
20.1,30.74,32.27,33.26,34.11,35,35.85,36.58,37.27,37.96,39.14,40.08,40.56,40.9,41.59,42.28,43.57,44.61,45.34,46.06,46.78
20.2,30.56,32.06,33.04,33.91,34.78,35.64,36.36,37.07,37.77,38.93,39.87,40.34,40.68,41.37,42.07,43.36,44.4,45.13,45.86,46.59
20.3,30.38,31.88,32.84,33.72,34.57,35.44,36.15,36.86,37.57,38.71,39.65,40.12,40.47,41.17,41.86,43.15,44.17,44.92,45.66,46.4
20.4,30.2,31.7,32.64,33.54,34.37,35.23,35.94,36.65,37.36,38.49,39.44,39.91,40.26,40.96,41.66,42.93,43.97,44.71,45.45,46.19
20.5,30,31.52,32.45,33.36,34.17,35.03,35.73,36.44,37.15,38.27,39.22,39.7,40.05,40.75,41.45,42.7,43.78,44.5,45.23,45.96
20.6,29.81,31.33,32.27,33.17,33.98,34.83,35.52,36.23,36.94,38.06,39.02,39.5,39.85,40.54,41.24,42.49,43.56,44.29,45.02,45.75
20.7,29.61,31.14,32.07,32.97,33.79,34.63,35.31,36.03,36.74,37.86,38.83,39.31,39.66,40.34,41.03,42.29,43.35,44.08,44.81,45.54
20.8,29.43,30.95,31.88,32.77,33.61,34.44,35.1,35.83,36.55,37.65,38.62,39.11,39.45,40.14,40.82,42.09,43.15,43.89,44.62,45.35
20.9,29.26,30.76,31.68,32.56,33.42,34.24,34.92,35.63,36.35,37.45,38.41,38.9,39.24,39.93,40.61,41.9,42.95,43.69,44.43,45.17
21,29.1,30.57,31.52,32.36,33.22,34.05,34.75,35.44,36.14,37.25,38.2,38.68,39.03,39.72,40.41,41.71,42.74,43.48,44.22,44.96
21.1,28.94,30.37,31.34,32.16,33.03,33.86,34.56,35.25,35.94,37.05,38,38.48,38.82,39.51,40.2,41.51,42.52,43.26,44.01,44.76
21.2,28.77,30.18,31.16,31.97,32.85,33.67,34.35,35.05,35.75,36.85,37.8,38.28,38.62,39.31,40,41.32,42.33,43.07,43.82,44.57
21.3,28.6,30.02,30.99,31.78,32.67,33.48,34.15,34.85,35.55,36.65,37.6,38.08,38.42,39.12,39.81,41.11,42.15,42.88,43.62,44.36
21.4,28.42,29.88,30.79,31.61,32.48,33.28,33.97,34.66,35.34,36.46,37.4,37.87,38.22,38.92,39.62,40.91,41.95,42.68,43.41,44.14
21.5,28.23,29.7,30.59,31.42,32.29,33.08,33.79,34.46,35.13,36.26,37.2,37.67,38.02,38.72,39.42,40.72,41.74,42.47,43.2,43.93
21.6,28.05,29.52,30.43,31.21,32.1,32.88,33.59,34.26,34.93,36.06,37.01,37.48,37.83,38.52,39.21,40.52,41.54,42.27,43,43.73
21.7,27.88,29.35,30.26,31.02,31.91,32.68,33.38,34.05,34.73,35.85,36.8,37.27,37.62,38.32,39.02,40.31,41.32,42.07,42.81,43.55
21.8,27.71,29.18,30.08,30.86,31.72,32.49,33.19,33.87,34.55,35.65,36.59,37.07,37.42,38.12,38.83,40.09,41.13,41.88,42.63,43.38
21.9,27.54,29,29.9,30.67,31.52,32.3,33.01,33.69,34.37,35.45,36.41,36.89,37.23,37.93,38.62,39.89,40.94,41.69,42.44,43.19
22,27.38,28.81,29.72,30.49,31.33,32.12,32.81,33.5,34.19,35.27,36.23,36.7,37.05,37.73,38.41,39.7,40.76,41.5,42.24,42.98
22.1,27.21,28.62,29.55,30.33,31.15,31.94,32.62,33.31,33.99,35.08,36.03,36.5,36.84,37.53,38.21,39.5,40.56,41.29,42.02,42.75
22.2,27.04,28.43,29.37,30.18,30.97,31.76,32.45,33.12,33.8,34.88,35.82,36.29,36.63,37.33,38.03,39.29,40.36,41.09,41.82,42.55
22.3,26.87,28.27,29.19,29.99,30.77,31.57,32.27,32.94,33.61,34.69,35.63,36.1,36.45,37.15,37.85,39.09,40.15,40.89,41.62,42.35
22.4,26.7,28.11,29.01,29.78,30.6,31.38,32.08,32.75,33.41,34.5,35.44,35.91,36.26,36.96,37.65,38.91,39.97,40.7,41.44,42.18
22.5,26.53,27.96,28.83,29.61,30.44,31.21,31.9,32.55,33.21,34.31,35.26,35.73,36.08,36.77,37.46,38.72,39.77,40.51,41.25,41.99
22.6,26.36,27.78,28.65,29.45,30.27,31.03,31.71,32.36,33.02,34.12,35.07,35.54,35.89,36.58,37.27,38.53,39.57,40.31,41.06,41.81
22.7,26.21,27.6,28.49,29.27,30.08,30.86,31.52,32.19,32.85,33.93,34.88,35.35,35.7,36.39,37.09,38.34,39.37,40.12,40.87,41.62
22.8,26.05,27.43,28.32,29.09,29.89,30.68,31.35,32.01,32.68,33.74,34.69,35.16,35.51,36.2,36.9,38.16,39.18,39.92,40.66,41.4
22.9,25.9,27.27,28.15,28.92,29.72,30.49,31.17,31.83,32.49,33.54,34.49,34.97,35.32,36.01,36.71,37.97,39.01,39.74,40.47,41.2
23,25.74,27.11,27.99,28.76,29.54,30.31,31,31.66,32.31,33.35,34.31,34.78,35.13,35.83,36.52,37.78,38.82,39.56,40.3,41.04
23.1,25.59,26.93,27.82,28.59,29.37,30.13,30.83,31.48,32.14,33.17,34.12,34.59,34.94,35.63,36.33,37.6,38.64,39.38,40.13,40.88
23.2,25.43,26.75,27.66,28.42,29.2,29.96,30.65,31.31,31.97,33.01,33.93,34.39,34.74,35.44,36.14,37.42,38.45,39.2,39.96,40.72
23.3,25.28,26.58,27.49,28.24,29.02,29.79,30.48,31.13,31.78,32.85,33.75,34.2,34.55,35.25,35.96,37.24,38.26,39.02,39.77,40.52
23.4,25.13,26.43,27.33,28.06,28.84,29.62,30.29,30.95,31.6,32.68,33.58,34.04,34.38,35.08,35.77,37.05,38.07,38.83,39.58,40.33
23.5,24.99,26.29,27.16,27.9,28.67,29.45,30.11,30.78,31.44,32.49,33.42,33.88,34.22,34.89,35.57,36.87,37.89,38.64,39.4,40.16
23.6,24.83,26.14,27.01,27.75,28.52,29.27,29.94,30.61,31.28,32.3,33.24,33.72,34.05,34.72,35.39,36.69,37.71,38.47,39.23,39.99
23.7,24.68,25.98,26.85,27.6,28.35,29.1,29.78,30.44,31.11,32.12,33.06,33.53,33.87,34.55,35.24,36.51,37.54,38.29,39.05,39.81
23.8,24.51,25.83,26.7,27.44,28.18,28.94,29.62,30.28,30.94,31.95,32.88,33.34,33.69,34.38,35.07,36.32,37.35,38.1,38.85,39.6
23.9,24.35,25.68,26.54,27.26,28.02,28.78,29.46,30.11,30.76,31.79,32.71,33.17,33.51,34.2,34.89,36.13,37.16,37.91,38.66,39.41
24,24.18,25.55,26.38,27.1,27.87,28.63,29.29,29.95,30.6,31.62,32.53,32.99,33.34,34.03,34.71,35.97,36.99,37.74,38.49,39.24
24.1,24.02,25.42,26.23,26.95,27.72,28.47,29.13,29.78,30.44,31.44,32.36,32.82,33.16,33.85,34.54,35.8,36.82,37.57,38.33,39.09
24.2,23.88,25.27,26.08,26.81,27.56,28.31,28.98,29.63,30.28,31.26,32.19,32.66,33,33.69,34.37,35.63,36.64,37.4,38.15,38.9
24.3,23.74,25.11,25.93,26.65,27.41,28.15,28.83,29.48,30.12,31.09,32.02,32.49,32.83,33.52,34.21,35.46,36.45,37.21,37.96,38.71
24.4,23.61,24.97,25.78,26.5,27.26,27.99,28.67,29.32,29.96,30.93,31.86,32.32,32.67,33.36,34.05,35.28,36.28,37.04,37.79,38.54
24.5,23.46,24.83,25.63,26.36,27.09,27.84,28.51,29.15,29.79,30.77,31.68,32.14,32.49,33.19,33.88,35.1,36.13,36.88,37.63,38.38
24.6,23.32,24.69,25.5,26.21,26.94,27.68,28.35,28.98,29.6,30.61,31.51,31.96,32.31,33.01,33.71,34.92,35.97,36.71,37.45,38.19
24.7,23.17,24.55,25.36,26.05,26.8,27.53,28.19,28.82,29.44,30.47,31.36,31.8,32.15,32.84,33.53,34.76,35.8,36.54,37.28,38.02
24.8,23.02,24.42,25.19,25.89,26.65,27.37,28.04,28.67,29.31,30.31,31.2,31.64,31.99,32.67,33.35,34.6,35.63,36.37,37.12,37.87
24.9,22.89,24.27,25.02,25.74,26.5,27.21,27.88,28.52,29.17,30.14,31.03,31.48,31.82,32.5,33.18,34.43,35.46,36.21,36.95,37.69
25,22.75,24.13,24.88,25.6,26.35,27.06,27.72,28.36,29.01,29.98,30.86,31.3,31.64,32.32,33,34.27,35.3,36.03,36.77,37.51
25.1,22.62,24,24.73,25.46,26.2,26.91,27.56,28.2,28.84,29.81,30.69,31.13,31.47,32.15,32.83,34.1,35.13,35.86,36.6,37.34
25.2,22.49,23.86,24.6,25.31,26.06,26.76,27.39,28.03,28.67,29.64,30.53,30.98,31.32,31.99,32.67,33.92,34.95,35.7,36.44,37.18
25.3,22.34,23.71,24.47,25.16,25.91,26.61,27.25,27.88,28.51,29.47,30.37,30.83,31.16,31.84,32.51,33.76,34.79,35.53,36.27,37.01
25.4,22.18,23.58,24.33,25,25.76,26.45,27.11,27.73,28.35,29.31,30.21,30.66,31,31.67,32.34,33.59,34.62,35.36,36.1,36.84
25.5,22.03,23.43,24.19,24.85,25.6,26.3,26.96,27.58,28.21,29.15,30.05,30.5,30.83,31.51,32.19,33.41,34.46,35.19,35.93,36.67
25.6,21.88,23.28,24.04,24.71,25.46,26.14,26.79,27.42,28.06,28.99,29.89,30.34,30.68,31.35,32.03,33.24,34.28,35.02,35.77,36.52
25.7,21.75,23.14,23.9,24.58,25.31,26,26.63,27.26,27.89,28.84,29.73,30.18,30.51,31.19,31.86,33.09,34.12,34.86,35.6,36.34
25.8,21.62,23.02,23.75,24.44,25.16,25.85,26.47,27.1,27.73,28.7,29.57,30.01,30.34,31.01,31.68,32.94,33.96,34.7,35.44,36.18
25.9,21.5,22.9,23.61,24.3,25.02,25.71,26.32,26.95,27.58,28.54,29.41,29.85,30.18,30.86,31.53,32.78,33.79,34.53,35.28,36.03
26,21.38,22.76,23.48,24.15,24.88,25.56,26.18,26.81,27.44,28.38,29.26,29.7,30.04,30.71,31.38,32.62,33.62,34.36,35.1,35.84
26.1,21.26,22.62,23.35,24.01,24.73,25.42,26.04,26.66,27.28,28.23,29.1,29.54,29.88,30.55,31.22,32.46,33.46,34.2,34.94,35.68
26.2,21.14,22.49,23.21,23.87,24.59,25.27,25.9,26.51,27.12,28.07,28.94,29.37,29.71,30.38,31.06,32.29,33.31,34.04,34.77,35.5
26.3,21.01,22.36,23.07,23.73,24.45,25.12,25.74,26.35,26.97,27.92,28.78,29.21,29.55,30.23,30.91,32.13,33.16,33.88,34.6,35.32
26.4,20.87,22.21,22.93,23.59,24.33,24.98,25.58,26.21,26.83,27.77,28.64,29.07,29.41,30.09,30.76,31.97,33.01,33.73,34.45,35.17
26.5,20.74,22.07,22.79,23.46,24.19,24.84,25.44,26.06,26.69,27.62,28.5,28.93,29.27,29.94,30.61,31.83,32.83,33.56,34.29,35.02
26.6,20.6,21.95,22.66,23.34,24.05,24.7,25.29,25.91,26.54,27.47,28.34,28.78,29.11,29.78,30.44,31.66,32.65,33.38,34.11,34.84
26.7,20.47,21.82,22.53,23.2,23.89,24.56,25.15,25.77,26.38,27.32,28.19,28.62,28.96,29.62,30.28,31.49,32.5,33.22,33.94,34.66
26.8,20.35,21.67,22.41,23.07,23.75,24.42,25.01,25.63,26.25,27.17,28.04,28.47,28.81,29.47,30.13,31.34,32.35,33.07,33.8,34.53
26.9,20.23,21.53,22.3,22.94,23.62,24.28,24.88,25.5,26.12,27.02,27.89,28.32,28.65,29.32,29.98,31.18,32.19,32.92,33.64,34.36
27,20.12,21.41,22.18,22.8,23.48,24.15,24.76,25.37,25.98,26.89,27.74,28.16,28.5,29.16,29.82,31.02,32.04,32.77,33.49,34.21
27.1,20,21.3,22.04,22.68,23.35,24.01,24.63,25.24,25.85,26.76,27.6,28.02,28.35,29.01,29.68,30.88,31.89,32.62,33.35,34.08
27.2,19.88,21.17,21.89,22.56,23.22,23.88,24.49,25.09,25.7,26.61,27.45,27.87,28.21,28.87,29.54,30.74,31.73,32.47,33.2,33.93
27.3,19.76,21.05,21.75,22.43,23.09,23.74,24.35,24.95,25.55,26.47,27.32,27.74,28.07,28.73,29.39,30.59,31.58,32.31,33.04,33.77
27.4,19.64,20.93,21.62,22.3,22.96,23.61,24.21,24.81,25.42,26.32,27.18,27.61,27.93,28.58,29.23,30.44,31.43,32.16,32.89,33.62
27.5,19.53,20.8,21.51,22.16,22.82,23.47,24.07,24.68,25.29,26.17,27.03,27.46,27.78,28.42,29.06,30.29,31.28,32.01,32.73,33.45
27.6,19.42,20.69,21.4,22.04,22.69,23.33,23.93,24.54,25.15,26.04,26.88,27.31,27.62,28.26,28.9,30.15,31.13,31.86,32.58,33.3
27.7,19.31,20.59,21.26,21.92,22.56,23.2,23.8,24.4,25.01,25.91,26.74,27.16,27.48,28.12,28.75,30,30.99,31.71,32.43,33.15
27.8,19.19,20.5,21.12,21.81,22.43,23.07,23.66,24.26,24.87,25.77,26.6,27.02,27.34,27.98,28.62,29.85,30.84,31.56,32.28,33
27.9,19.08,20.38,20.99,21.68,22.31,22.95,23.53,24.13,24.73,25.62,26.46,26.87,27.2,27.84,28.49,29.71,30.69,31.41,32.14,32.87
28,18.96,20.24,20.89,21.56,22.19,22.82,23.41,24.01,24.6,25.48,26.32,26.74,27.06,27.7,28.35,29.57,30.56,31.27,31.98,32.69
28.1,18.85,20.1,20.78,21.42,22.06,22.69,23.28,23.88,24.47,25.33,26.18,26.6,26.93,27.57,28.22,29.43,30.42,31.13,31.83,32.53
28.2,18.74,20,20.65,21.29,21.93,22.57,23.15,23.74,24.33,25.19,26.04,26.46,26.78,27.43,28.08,29.28,30.27,30.98,31.68,32.38
28.3,18.63,19.9,20.52,21.16,21.82,22.44,23.01,23.59,24.18,25.07,25.9,26.32,26.64,27.28,27.93,29.12,30.12,30.82,31.53,32.24
28.4,18.53,19.8,20.4,21.04,21.7,22.3,22.87,23.46,24.05,24.94,25.77,26.18,26.5,27.14,27.78,28.98,29.97,30.67,31.37,32.07
28.5,18.42,19.69,20.29,20.92,21.57,22.17,22.73,23.32,23.92,24.81,25.63,26.05,26.36,27,27.64,28.84,29.81,30.52,31.22,31.92
28.6,18.32,19.58,20.18,20.8,21.46,22.06,22.6,23.19,23.79,24.68,25.51,25.92,26.24,26.86,27.49,28.7,29.66,30.38,31.09,31.8
28.7,18.21,19.47,20.07,20.69,21.34,21.94,22.48,23.07,23.66,24.55,25.38,25.8,26.11,26.73,27.35,28.56,29.53,30.24,30.96,31.68
28.8,18.09,19.35,19.96,20.58,21.2,21.82,22.36,22.94,23.53,24.41,25.23,25.65,25.96,26.6,27.23,28.42,29.37,30.1,30.83,31.56
28.9,17.98,19.23,19.84,20.46,21.06,21.7,22.23,22.82,23.41,24.28,25.09,25.49,25.81,26.45,27.09,28.27,29.22,29.95,30.68,31.41
29,17.86,19.11,19.72,20.34,20.95,21.57,22.11,22.69,23.27,24.15,24.96,25.36,25.68,26.31,26.95,28.12,29.09,29.81,30.53,31.25
29.1,17.74,19.01,19.61,20.22,20.84,21.44,22,22.57,23.15,24.01,24.82,25.23,25.54,26.17,26.8,27.98,28.97,29.69,30.41,31.13
29.2,17.63,18.91,19.5,20.12,20.74,21.31,21.88,22.46,23.04,23.87,24.69,25.1,25.41,26.04,26.67,27.85,28.84,29.56,30.28,31
29.3,17.52,18.79,19.38,20.01,20.63,21.19,21.76,22.34,22.92,23.74,24.56,24.97,25.29,25.91,26.53,27.72,28.69,29.41,30.13,30.85
29.4,17.42,18.67,19.28,19.89,20.53,21.08,21.64,22.22,22.8,23.62,24.44,24.84,25.15,25.78,26.4,27.59,28.55,29.26,29.97,30.68
29.5,17.32,18.56,19.18,19.77,20.4,20.96,21.53,22.1,22.68,23.5,24.31,24.72,25.03,25.65,26.27,27.46,28.42,29.12,29.82,30.52
29.6,17.22,18.47,19.07,19.66,20.27,20.84,21.4,21.97,22.54,23.39,24.19,24.59,24.9,25.52,26.15,27.31,28.29,28.98,29.68,30.38
29.7,17.13,18.38,18.96,19.56,20.15,20.72,21.27,21.84,22.41,23.26,24.05,24.45,24.76,25.39,26.02,27.17,28.16,28.85,29.54,30.23
29.8,17.03,18.28,18.84,19.45,20.04,20.6,21.16,21.72,22.29,23.12,23.91,24.31,24.63,25.26,25.89,27.04,28.02,28.71,29.41,30.11
29.9,16.94,18.16,18.73,19.33,19.92,20.48,21.04,21.6,22.16,22.99,23.79,24.19,24.5,25.13,25.75,26.92,27.87,28.57,29.28,29.99
30,16.84,18.06,18.63,19.23,19.79,20.37,20.92,21.48,22.04,22.88,23.67,24.06,24.37,24.99,25.61,26.78,27.73,28.44,29.15,29.86
30.1,16.74,17.95,18.53,19.12,19.68,20.25,20.81,21.37,21.92,22.77,23.54,23.93,24.24,24.86,25.48,26.65,27.59,28.31,29.02,29.73
30.2,16.64,17.84,18.41,19.02,19.57,20.14,20.7,21.25,21.81,22.65,23.42,23.8,24.11,24.74,25.36,26.53,27.46,28.17,28.89,29.61
30.3,16.53,17.73,18.3,18.91,19.47,20.02,20.59,21.14,21.69,22.53,23.3,23.68,23.99,24.61,25.24,26.41,27.33,28.04,28.75,29.46
30.4,16.42,17.64,18.21,18.8,19.37,19.91,20.47,21.02,21.57,22.4,23.18,23.57,23.87,24.49,25.11,26.28,27.21,27.91,28.61,29.31
30.5,16.31,17.54,18.11,18.69,19.26,19.81,20.36,20.9,21.45,22.29,23.06,23.44,23.75,24.36,24.98,26.14,27.08,27.78,28.48,29.18
30.6,16.21,17.44,18.01,18.58,19.15,19.7,20.24,20.79,21.35,22.17,22.93,23.31,23.62,24.24,24.85,26,26.96,27.65,28.34,29.03
30.7,16.11,17.34,17.91,18.48,19.04,19.59,20.14,20.68,21.23,22.05,22.81,23.18,23.49,24.11,24.73,25.87,26.84,27.52,28.2,28.88
30.8,16.02,17.23,17.81,18.38,18.94,19.49,20.03,20.57,21.11,21.93,22.69,23.07,23.37,23.99,24.6,25.74,26.72,27.39,28.07,28.75
30.9,15.92,17.14,17.71,18.27,18.84,19.38,19.92,20.46,20.99,21.82,22.58,22.96,23.26,23.87,24.48,25.62,26.58,27.27,27.95,28.63
31,15.84,17.05,17.61,18.17,18.73,19.28,19.81,20.34,20.88,21.71,22.47,22.85,23.15,23.75,24.35,25.5,26.45,27.14,27.82,28.5
31.1,15.75,16.96,17.52,18.07,18.62,19.17,19.7,20.23,20.77,21.6,22.35,22.73,23.03,23.63,24.22,25.38,26.33,27.01,27.69,28.37
31.2,15.66,16.85,17.43,17.96,18.51,19.06,19.58,20.12,20.67,21.48,22.24,22.61,22.91,23.51,24.1,25.26,26.21,26.88,27.56,28.24
31.3,15.56,16.75,17.33,17.86,18.4,18.95,19.47,20.02,20.56,21.37,22.13,22.51,22.8,23.39,23.98,25.13,26.07,26.75,27.43,28.11
31.4,15.47,16.65,17.23,17.77,18.3,18.85,19.37,19.91,20.45,21.26,22.01,22.38,22.68,23.27,23.86,25,25.93,26.62,27.31,28
31.5,15.37,16.55,17.12,17.67,18.2,18.75,19.26,19.8,20.33,21.15,21.88,22.24,22.54,23.14,23.73,24.87,25.8,26.49,27.17,27.85
31.6,15.29,16.46,17.02,17.57,18.11,18.64,19.15,19.68,20.21,21.03,21.75,22.11,22.41,23.01,23.61,24.75,25.67,26.35,27.03,27.71
31.7,15.2,16.38,16.91,17.46,18.01,18.53,19.04,19.56,20.09,20.9,21.63,21.99,22.29,22.89,23.49,24.63,25.55,26.22,26.9,27.58
31.8,15.12,16.28,16.81,17.34,17.9,18.42,18.94,19.46,19.98,20.79,21.52,21.88,22.18,22.77,23.37,24.51,25.42,26.1,26.77,27.44
31.9,15.04,16.18,16.71,17.23,17.78,18.31,18.84,19.36,19.87,20.68,21.4,21.77,22.06,22.65,23.25,24.38,25.29,25.97,26.64,27.31
32,14.96,16.08,16.61,17.14,17.68,18.21,18.73,19.24,19.75,20.56,21.29,21.65,21.95,22.54,23.12,24.26,25.17,25.84,26.52,27.2
32.1,14.88,15.99,16.52,17.05,17.59,18.11,18.62,19.14,19.65,20.45,21.17,21.54,21.83,22.42,23.01,24.13,25.05,25.73,26.4,27.07
32.2,14.79,15.9,16.43,16.97,17.5,18.01,18.52,19.04,19.55,20.34,21.07,21.43,21.72,22.31,22.89,24,24.93,25.61,26.29,26.97
32.3,14.71,15.81,16.34,16.87,17.42,17.92,18.42,18.93,19.45,20.23,20.96,21.32,21.62,22.2,22.78,23.89,24.82,25.5,26.17,26.84
32.4,14.61,15.71,16.25,16.77,17.32,17.83,18.33,18.84,19.34,20.12,20.85,21.22,21.51,22.09,22.68,23.79,24.71,25.39,26.06,26.73
32.5,14.52,15.62,16.17,16.67,17.22,17.73,18.23,18.74,19.24,20.02,20.75,21.11,21.4,21.98,22.56,23.67,24.59,25.26,25.94,26.62
32.6,14.42,15.53,16.08,16.59,17.13,17.63,18.14,18.63,19.13,19.92,20.64,21,21.29,21.87,22.45,23.55,24.47,25.14,25.81,26.48
32.7,14.33,15.46,15.99,16.5,17.03,17.55,18.04,18.54,19.04,19.82,20.54,20.9,21.19,21.76,22.34,23.44,24.35,25.02,25.69,26.36
32.8,14.24,15.38,15.92,16.42,16.94,17.46,17.94,18.44,18.95,19.72,20.44,20.8,21.09,21.66,22.23,23.33,24.24,24.91,25.58,26.25
32.9,14.16,15.3,15.83,16.34,16.84,17.37,17.83,18.34,18.85,19.61,20.33,20.7,20.98,21.55,22.13,23.21,24.13,24.8,25.47,26.14
33,14.08,15.21,15.74,16.25,16.76,17.28,17.74,18.24,18.75,19.51,20.24,20.6,20.88,21.45,22.02,23.11,24.02,24.7,25.37,26.04
33.1,14,15.12,15.65,16.16,16.68,17.19,17.64,18.15,18.65,19.41,20.14,20.5,20.78,21.35,21.92,23.02,23.91,24.59,25.26,25.93
33.2,13.93,15.05,15.56,16.07,16.59,17.08,17.55,18.05,18.56,19.31,20.03,20.4,20.68,21.24,21.81,22.91,23.8,24.47,25.14,25.81
33.3,13.85,14.98,15.47,15.98,16.49,16.97,17.45,17.96,18.46,19.2,19.92,20.28,20.56,21.13,21.69,22.78,23.68,24.35,25.01,25.67
33.4,13.77,14.88,15.37,15.88,16.39,16.87,17.35,17.85,18.36,19.09,19.81,20.17,20.45,21.01,21.57,22.66,23.57,24.23,24.88,25.53
33.5,13.7,14.77,15.28,15.78,16.29,16.77,17.25,17.75,18.25,18.98,19.71,20.07,20.35,20.91,21.46,22.55,23.45,24.11,24.77,25.43
33.6,13.63,14.67,15.2,15.68,16.19,16.67,17.16,17.65,18.15,18.88,19.6,19.96,20.24,20.8,21.35,22.44,23.33,23.99,24.66,25.33
33.7,13.56,14.59,15.11,15.59,16.1,16.58,17.06,17.55,18.04,18.77,19.49,19.85,20.13,20.68,21.23,22.32,23.21,23.87,24.54,25.21
33.8,13.48,14.51,15.02,15.51,16.01,16.49,16.97,17.45,17.94,18.67,19.38,19.73,20.01,20.56,21.11,22.21,23.1,23.76,24.42,25.08
33.9,13.4,14.42,14.94,15.43,15.92,16.4,16.88,17.36,17.84,18.58,19.28,19.63,19.9,20.45,21,22.1,22.98,23.64,24.29,24.94
34,13.31,14.33,14.86,15.34,15.83,16.31,16.79,17.26,17.74,18.49,19.18,19.53,19.81,20.36,20.9,21.98,22.86,23.52,24.17,24.82
34.1,13.24,14.25,14.77,15.26,15.75,16.22,16.7,17.17,17.64,18.39,19.09,19.44,19.71,20.26,20.8,21.88,22.75,23.41,24.06,24.71
34.2,13.17,14.17,14.69,15.18,15.67,16.14,16.61,17.08,17.55,18.28,18.98,19.34,19.61,20.15,20.7,21.79,22.64,23.3,23.96,24.62
34.3,13.09,14.1,14.61,15.1,15.58,16.05,16.52,17,17.47,18.18,18.89,19.24,19.51,20.06,20.6,21.69,22.54,23.2,23.86,24.52
34.4,13.02,14.02,14.53,15.01,15.49,15.97,16.44,16.91,17.38,18.08,18.79,19.14,19.42,19.96,20.51,21.59,22.45,23.1,23.75,24.4
34.5,12.94,13.94,14.46,14.93,15.42,15.88,16.35,16.83,17.3,18,18.7,19.05,19.32,19.86,20.41,21.48,22.35,23,23.65,24.3
34.6,12.86,13.87,14.38,14.86,15.34,15.79,16.26,16.74,17.21,17.92,18.62,18.97,19.24,19.77,20.31,21.38,22.23,22.89,23.54,24.19
34.7,12.78,13.79,14.28,14.78,15.25,15.71,16.18,16.64,17.11,17.82,18.53,18.89,19.15,19.68,20.2,21.28,22.13,22.78,23.43,24.08
34.8,12.71,13.72,14.2,14.69,15.16,15.62,16.09,16.55,17.01,17.73,18.44,18.79,19.05,19.57,20.08,21.19,22.02,22.67,23.32,23.97
34.9,12.64,13.64,14.13,14.61,15.07,15.54,16,16.46,16.93,17.63,18.33,18.68,18.94,19.45,19.97,21.08,21.91,22.56,23.21,23.86
35,12.57,13.57,14.06,14.54,14.98,15.48,15.93,16.39,16.85,17.51,18.21,18.55,18.82,19.35,19.88,20.94,21.79,22.45,23.1,23.75
