0,1,2,3,4,5,6,7,8,9,10,11,12,13,14,15,16,17,18,19,20,21,22,23,24,25,26,27,28,29,30,31,32,33,34,35,36
Scan Type:,High,Joined,Low,High,Joined,Low,High,Joined,Low,High,Joined,Low,High,Joined,Low,High,Joined,Low,High,Joined,Low,High,Joined,Low,High,Joined,Low,High,Joined,Low,High,Joined,Low,High,Joined,Low
Radiation Type:,Photons,Photons,Photons,Photons,Photons,Photons,Photons,Photons,Photons,Photons,Photons,Photons,Photons,Photons,Photons,Photons,Photons,Photons,Photons,Photons,Photons,Photons,Photons,Photons,Photons,Photons,Photons,Photons,Photons,Photons,Photons,Photons,Photons,Photons,Photons,Photons
Energy:,6 MV,6 MV,6 MV,6 MV,6 MV,6 MV,6 MV,6 MV,6 MV,6 MV,6 MV,6 MV,6 MV,6 MV,6 MV,6 MV,6 MV,6 MV,6 MV,6 MV,6 MV,6 MV,6 MV,6 MV,6 MV,6 MV,6 MV,6 MV,6 MV,6 MV,6 MV,6 MV,6 MV,6 MV,6 MV,6 MV
Fieldsize:,5 x 5 mm,5 x 5 mm,5 x 5 mm,10 x 10 mm,10 x 10 mm,10 x 10 mm,20 x 20 mm,20 x 20 mm,20 x 20 mm,30 x 30 mm,30 x 30 mm,30 x 30 mm,40 x 40 mm,40 x 40 mm,40 x 40 mm,60 x 60 mm,60 x 60 mm,60 x 60 mm,80 x 80 mm,80 x 80 mm,80 x 80 mm,100 x 100 mm,100 x 100 mm,100 x 100 mm,120 x 120 mm,120 x 120 mm,120 x 120 mm,140 x 140 mm,140 x 140 mm,140 x 140 mm,220 x 220 mm,220 x 220 mm,220 x 220 mm,300 x 220 mm,300 x 220 mm,300 x 220 mm
Depth:,-0.5 mm,-0.5 mm,50.0 mm,-0.5 mm,-0.5 mm,50.0 mm,-0.5 mm,-0.5 mm,50.0 mm,-0.5 mm,-0.5 mm,50.0 mm,-0.5 mm,-0.5 mm,50.0 mm,-0.5 mm,-0.5 mm,50.0 mm,-0.5 mm,-0.5 mm,50.0 mm,-0.5 mm,-0.5 mm,50.0 mm,-0.5 mm,-0.5 mm,50.0 mm,-0.5 mm,-0.5 mm,50.0 mm,-0.5 mm,-0.5 mm,50.0 mm,-0.5 mm,-0.5 mm,50.0 mm
,Color [Orange],Color [DeepPink],Color [Teal],Color [Blue],Color [Blue],Color [DeepPink],Color [Gold],Color [ForestGreen],Color [ForestGreen],Color [CornflowerBlue],Color [Gold],Color [Brown],Color [DarkOrange],Color [Brown],Color [DarkOliveGreen],Color [DarkTurquoise],Color [CornflowerBlue],Color [DarkRed],Color [DarkOrchid],Color [DarkOliveGreen],Color [DarkGreen],Color [MediumVioletRed],Color [DarkOrange],Color [SlateBlue],Color [DarkGoldenrod],Color [DarkRed],Color [DarkBlue],Color [DarkCyan],Color [DarkTurquoise],Color [DarkMagenta],Color [SlateBlue],Color [DarkGreen],Color [MediumVioletRed],Color [Orange],Color [DarkOrchid],Color [Teal]
Coordinate [mm]:,,,,,,,,,,,,,,,,,,,,,,,,,,,,,,,,,,,,
0,69,69,,57.4,57.4,,53.2,53.2,,53.2,53.2,,53.6,53.6,,54.3,54.3,,55.6,55.6,,59.5,59.5,,59.1,59.1,,60.8,60.8,,68.3,68.3,,70.5,70.5,
1,68.9,68.9,,57.1,57.1,,53.4,53.4,,53.5,53.5,,53.8,53.8,,54.1,54.1,,55.8,55.8,,60,60,,59.2,59.2,,60.7,60.7,,68.5,68.5,,70.7,70.7,
2,75.7,75.6,,70.9,71,,65.4,65.5,,64.7,64.8,,64.5,64.6,,62.7,62.7,,65.5,65.5,,69.4,69.4,,66.1,66.1,,64.9,64.9,,76.3,76.2,,77,77,
3,101.7,101.8,,87.3,87.3,,80.7,80.7,,79.7,79.7,,79,78.9,,78.9,78.9,,79.5,79.5,,82.2,82.2,,81.5,81.5,,82.4,82.4,,87.5,87.5,,88.8,88.8,
4,113,113,,99.1,99.1,,91.8,91.8,,90.3,90.3,,89.8,89.8,,88.9,88.9,,89.3,89.3,,91.2,91.2,,90.7,90.8,,91.7,91.6,,95.4,95.4,,96.3,96.3,
5,120,120,,107.5,107.5,,100,100,,98.4,98.4,,97.8,97.8,,96.8,96.7,,96.7,96.7,,98.2,98.1,,97.8,97.8,,98.1,98.1,,101.2,101.2,,101.7,101.7,
6,124,124,,113.7,113.7,,106.3,106.3,,104.6,104.5,,103.8,103.8,,102.6,102.6,,102.3,102.3,,103.1,103.1,,103,103,,103.3,103.3,,105.4,105.4,,105.5,105.5,
7,126.8,126.8,,118.1,118.1,,111.1,111.1,,109,109,,108.1,108.1,,106.8,106.8,,106.4,106.4,,106.9,106.9,,106.7,106.7,,106.9,106.9,,108.3,108.3,,108.3,108.3,
8,128.2,128.2,,121.1,121.1,,114.7,114.7,,112.8,112.8,,111.8,111.8,,110,110,,109.6,109.6,,109.9,109.9,,109.6,109.6,,109.5,109.5,,110.6,110.6,,110.4,110.4,
9,129,129,,123.2,123.2,,117.2,117.2,,115.3,115.3,,114.3,114.3,,112.7,112.7,,112.1,112.1,,111.9,111.9,,111.8,111.8,,111.5,111.5,,112,112,,111.7,111.7,
10,129.5,129.5,,124.7,124.7,,119,119,,117.4,117.4,,116.1,116.2,,114.4,114.4,,113.7,113.7,,113.4,113.4,,113.1,113.1,,112.8,112.8,,112.9,112.9,,112.6,112.6,
11,129.2,129.2,,125.2,125.2,,120.7,120.6,,118.7,118.7,,117.5,117.5,,115.4,115.4,,114.9,114.9,,114.6,114.6,,114.1,114.1,,113.8,113.8,,113.5,113.5,,113.1,113.1,
12,128.8,128.8,,125.7,125.7,,121.3,121.3,,119.8,119.8,,118.5,118.5,,116.5,116.5,,115.5,115.5,,115,115,,114.7,114.6,,114.4,114.4,,113.9,113.9,,113.6,113.6,
13,128.7,128.7,,125.6,125.6,,121.9,121.9,,120.3,120.3,,118.9,118.9,,117.2,117.2,,116.4,116.4,,115.7,115.7,,115.3,115.3,,114.6,114.6,,114,114,,113.9,113.9,
14,127.7,127.8,,125.6,125.6,,122.2,122.3,,120.5,120.5,,119.4,119.4,,117.4,117.4,,116.5,116.5,,115.8,115.8,,115.3,115.3,,114.8,114.8,,114,114,,113.7,113.7,
15,127.1,127.1,,125,125,,121.9,121.9,,120.7,120.7,,119.4,119.4,,117.5,117.5,,116.6,116.6,,115.8,115.8,,115.5,115.5,,114.6,114.6,,114.2,114.2,,113.7,113.7,
16,126.6,126.6,,124.4,124.4,,122.2,122.2,,120.8,120.8,,119.3,119.3,,117.5,117.5,,116.4,116.4,,115.5,115.5,,115.2,115.2,,114.6,114.6,,113.6,113.6,,113.4,113.4,
17,125.8,125.8,,123.9,123.9,,121.8,121.8,,120.4,120.4,,119.2,119.2,,117.2,117.2,,116.2,116.2,,115.2,115.2,,115,115,,114.5,114.5,,113.7,113.7,,113,113,
18,124.7,124.7,,123.3,123.3,,121.3,121.3,,120.1,120.1,,118.8,118.8,,116.9,116.9,,115.9,115.9,,115.1,115.1,,114.6,114.6,,114.1,114.1,,113.3,113.3,,112.7,112.7,
19,124.1,124.1,,122.7,122.7,,121,121,,119.4,119.4,,118.3,118.3,,116.7,116.7,,115.4,115.4,,114.9,114.9,,114.3,114.3,,113.8,113.8,,113,113,,112.5,112.5,
20,123.5,123.5,,121.8,121.8,,120.3,120.3,,118.8,118.8,,118,118,,115.8,115.8,,115.1,115.1,,114.3,114.3,,114,114,,113.6,113.6,,112.7,112.7,,112.2,112.2,
21,122.4,122.4,,121.4,121.4,,119.7,119.7,,118.5,118.5,,117.4,117.4,,115.6,115.6,,114.7,114.7,,114,114,,113.7,113.7,,113,113,,112.2,112.2,,111.7,111.7,
22,121.6,121.6,,120.5,120.5,,119.1,119.1,,117.9,117.9,,116.9,116.9,,115.2,115.2,,114.2,114.2,,113.5,113.5,,113.2,113.2,,112.8,112.8,,111.8,111.9,,111.4,111.4,
23,120.9,120.9,,119.8,119.8,,118.3,118.3,,117.2,117.2,,116.3,116.3,,114.8,114.8,,113.7,113.7,,112.9,112.9,,112.6,112.6,,112.2,112.2,,111.3,111.3,,111.1,111.1,
24,120,120,,118.8,118.8,,117.7,117.7,,116.6,116.6,,115.8,115.8,,114.3,114.3,,113.3,113.3,,112.6,112.6,,112.1,112.1,,112,112,,111,111,,110.5,110.5,
25,118.9,118.9,,117.9,117.9,,116.8,116.8,,115.9,115.9,,115,115,,113.4,113.4,,112.8,112.8,,112.2,112.2,,111.6,111.6,,111.4,111.4,,110.5,110.5,,110.1,110.1,
26,118.4,118.4,,117.3,117.3,,116.4,116.4,,115.2,115.2,,114.6,114.6,,113.1,113.1,,112.3,112.3,,111.8,111.8,,111.4,111.4,,111,111,,110.1,110.1,,109.7,109.7,
27,117.6,117.6,,116.6,116.6,,115.3,115.3,,114.9,114.9,,113.9,113.9,,112.4,112.4,,111.9,111.9,,111.1,111.1,,110.8,110.8,,110.4,110.4,,109.7,109.7,,109.5,109.5,
28,116.8,116.8,,116.1,116.1,,114.8,114.8,,114.1,114.1,,113.4,113.4,,111.9,111.9,,111.5,111.5,,110.7,110.7,,110.4,110.4,,110.1,110.1,,109.2,109.2,,109.1,109.1,
29,116,116,,115.2,115.2,,114.2,114.2,,113.2,113.2,,112.8,112.8,,111.5,111.5,,110.6,110.6,,110.2,110.2,,110.1,110.1,,109.5,109.5,,108.9,108.9,,108.6,108.6,
30,115.1,115.1,,114.3,114.3,,113.5,113.5,,112.9,112.9,,112.2,112.2,,110.9,110.9,,110.4,110.4,,109.5,109.5,,109.4,109.4,,109,109,,108.5,108.5,,108.1,108.1,
31,114.2,114.2,,113.7,113.7,,112.7,112.7,,112.4,112.4,,111.4,111.4,,110.2,110.2,,109.7,109.7,,109.1,109.1,,109.1,109.1,,108.7,108.7,,108.1,108.1,,107.9,107.9,
32,113.5,113.5,,113.1,113.1,,112.2,112.2,,111.6,111.6,,110.8,110.8,,109.7,109.7,,109.3,109.3,,108.7,108.7,,108.6,108.6,,108.2,108.2,,107.6,107.6,,107.4,107.4,
33,112.7,112.7,,111.9,111.9,,111.3,111.3,,111.1,111.1,,110.3,110.3,,109.1,109.1,,108.6,108.6,,108.2,108.2,,108.2,108.2,,107.7,107.7,,107.1,107.1,,106.9,106.9,
34,111.9,111.9,,111.3,111.3,,110.5,110.5,,110.2,110.2,,109.7,109.7,,108.7,108.7,,108.3,108.3,,107.6,107.6,,107.7,107.7,,107.4,107.4,,106.7,106.7,,106.3,106.3,
35,111.2,111.2,,110.5,110.5,,109.9,109.9,,109.4,109.4,,109.2,109.2,,108,108,,107.7,107.7,,107.3,107.3,,107.3,107.3,,107,107,,106.4,106.4,,106,106,
36,110.3,110.3,,109.8,109.8,,109.2,109.2,,109.1,109.1,,108.5,108.5,,107.7,107.7,,107.3,107.3,,106.9,106.9,,106.7,106.7,,106.3,106.3,,106.1,106.1,,105.7,105.7,
37,109.3,109.3,,109,109,,108.7,108.7,,108.2,108.2,,107.9,107.9,,107,107,,106.6,106.6,,106.2,106.2,,106.4,106.4,,105.9,105.9,,105.7,105.7,,105.1,105.1,
38,108.6,108.6,,108.6,108.6,,107.8,107.8,,107.6,107.6,,107.4,107.4,,106.5,106.5,,106.2,106.2,,105.7,105.7,,105.8,105.8,,105.5,105.5,,105.1,105.1,,105,105,
39,108.2,108.2,,107.6,107.6,,107.2,107.2,,106.8,106.8,,106.6,106.6,,106,106,,105.9,105.9,,105.2,105.2,,105.3,105.3,,105,105,,104.9,104.8,,104.5,104.5,
40,107.3,107.3,,107.1,107.1,,106.4,106.4,,106.4,106.3,,106.2,106.1,,105.3,105.3,,105.1,105.1,,104.8,104.8,,104.8,104.8,,104.6,104.6,,104.4,104.4,,104.1,104.1,
41,106.3,106.3,,106.6,106.6,,105.8,105.7,,105.8,105.8,,105.5,105.5,,104.7,104.7,,104.6,104.6,,104.3,104.3,,104.2,104.2,,104,104,,103.9,103.9,,103.7,103.7,
42,106.1,106.1,,105.6,105.6,,105,105,,105,105,,105.1,105.1,,104.3,104.3,,104.2,104.2,,103.7,103.6,,103.9,103.9,,103.5,103.5,,103.6,103.6,,103.2,103.2,
43,105.1,105.1,,104.9,104.9,,104.4,104.4,,104.5,104.5,,104.4,104.4,,103.8,103.8,,103.5,103.5,,103.5,103.5,,103.3,103.3,,103.2,103.2,,103.2,103.2,,102.8,102.8,
44,104.6,104.6,,104.2,104.2,,103.6,103.6,,104,104,,103.7,103.7,,103.2,103.2,,103.1,103.1,,102.8,102.8,,102.8,102.8,,102.7,102.7,,102.5,102.5,,102.4,102.4,
45,103.5,103.5,,103.5,103.5,,102.9,102.9,,103.5,103.5,,103.2,103.2,,102.7,102.7,,102.3,102.3,,102.4,102.4,,102.5,102.5,,102.3,102.3,,102,102,,101.8,101.8,
46,102.9,102.9,,102.7,102.7,,102.3,102.3,,102.4,102.4,,102.4,102.4,,102,102,,102.2,102.2,,101.8,101.8,,101.9,101.9,,101.9,101.9,,101.7,101.7,,101.7,101.7,
47,102.3,102.3,,101.9,101.9,,101.7,101.7,,102.2,102.2,,101.9,101.9,,101.5,101.5,,101.6,101.6,,101.2,101.2,,101.4,101.4,,101.4,101.4,,101.2,101.2,,101.2,101.2,
48,101.5,101.5,,101.4,101.4,,101.4,101.4,,101.3,101.3,,101.4,101.4,,101,101,,101,101,,100.9,100.9,,100.9,100.9,,100.8,100.8,,100.8,100.8,,100.8,100.8,
49,100.7,100.7,,100.9,100.9,,100.5,100.5,,100.4,100.4,,100.5,100.5,,100.2,100.2,,100.6,100.6,,100.3,100.3,,100.3,100.3,,100.3,100.3,,100.4,100.4,,100.2,100.2,
50,99.9,99.9,,100.2,100.2,,100,100,,100.1,100.1,,100.3,100.3,,99.8,99.8,,100.2,100.2,,100,99.9,,100,100,,99.9,99.9,,100.1,100.1,,99.9,99.9,
51,99.5,99.7,99.9,99.4,99.3,99.2,99.4,99.1,98.9,99.3,99.3,99.3,99.4,99.5,99.6,99.2,99.3,99.4,99.5,99.6,99.8,99.5,99.4,99.3,99.7,99.7,99.7,99.4,99.4,99.5,99.5,99.6,99.7,99.4,99.4,99.5
52,98.9,99,99.1,98.7,98.7,98.7,98.4,98.4,98.4,98.7,98.7,98.8,99.3,99.1,98.9,98.8,98.9,99,98.8,99,99.2,98.8,98.9,99,99.1,99.1,99.1,99.3,99.1,98.9,99.1,99.2,99.4,99.1,99.1,99.1
53,98.4,98.5,98.5,98.1,98.1,98.1,98,98,97.9,98.1,98.1,98.2,98.3,98.3,98.4,98.2,98.3,98.3,98.3,98.4,98.6,98.3,98.4,98.4,98.9,98.8,98.7,98.6,98.5,98.5,98.8,98.8,98.8,98.5,98.7,98.9
54,97.6,97.7,97.8,97.2,97.4,97.5,97.6,97.5,97.4,97.6,97.6,97.6,97.7,97.8,97.8,97.7,97.7,97.7,97.9,98,98,98,97.9,97.9,98.3,98.3,98.3,98.2,98.2,98.1,98.5,98.4,98.3,98.2,98.4,98.6
55,96.9,96.9,96.9,96.7,96.9,97,96.9,96.8,96.7,97,97.1,97.1,97.1,97.2,97.4,97.2,97.2,97.2,97.5,97.6,97.7,97.3,97.3,97.3,97.7,97.7,97.8,97.7,97.6,97.5,97.9,98,98.1,97.7,97.8,97.8
56,96.2,96.2,96.1,96.3,96.3,96.4,96,96,96,96.2,96.4,96.6,96.4,96.6,96.8,96.7,96.7,96.8,96.9,97.1,97.4,96.8,96.7,96.7,97.1,97.2,97.3,97.2,97.1,97,97.5,97.7,97.8,97.4,97.3,97.2
57,95.5,95.4,95.3,95.6,95.6,95.6,95.6,95.5,95.4,95.8,95.9,95.9,96.2,96.1,96.1,96.1,96.2,96.3,96.5,96.6,96.7,96.4,96.3,96.3,96.8,96.8,96.9,96.7,96.7,96.6,97,97.1,97.3,96.8,96.9,97
58,94.7,94.7,94.6,95.1,95,94.9,94.9,94.8,94.8,94.7,94.9,95.1,95.5,95.4,95.4,95.3,95.6,95.8,95.8,96,96.1,96,95.9,95.8,96.2,96.3,96.4,96.3,96.3,96.3,96.7,96.7,96.7,96.9,96.8,96.8
59,94.1,94.2,94.3,94.3,94.3,94.2,94.1,94.1,94.1,94.5,94.5,94.5,94.9,94.8,94.7,95.1,95.1,95.1,95.5,95.6,95.6,95.4,95.4,95.4,95.8,95.8,95.8,95.9,95.9,95.9,96.1,96.2,96.3,96.1,96.2,96.3
60,,93.7,94,,93.7,93.6,,93.5,93.5,,93.8,93.8,,94.2,94.1,,94.5,94.4,,95,95.1,,95,94.9,,95.3,95.3,,95.4,95.5,,95.8,95.8,,95.7,95.8
61,,93.2,93.2,,93.1,93.1,,93,93,,93.3,93.3,,93.7,93.7,,93.7,93.7,,94.6,94.6,,94.4,94.4,,94.8,94.8,,94.9,94.9,,95.5,95.5,,95.3,95.3
62,,92.4,92.4,,92.7,92.7,,92.4,92.4,,92.7,92.7,,93.2,93.2,,93.1,93.1,,94,94,,93.8,93.8,,94.4,94.4,,94.3,94.3,,95.1,95.1,,94.9,94.9
63,,91.8,91.8,,92,92,,91.9,91.9,,92.1,92.1,,92.7,92.7,,92.8,92.8,,93.6,93.6,,93.5,93.5,,93.9,93.9,,94,94,,94.6,94.6,,94.6,94.6
64,,91.2,91.2,,91.4,91.4,,91.3,91.3,,91.5,91.5,,92.2,92.2,,92.4,92.4,,93.1,93.1,,93.1,93.1,,93.5,93.5,,93.7,93.7,,94.1,94.1,,94.3,94.3
65,,90.7,90.7,,90.6,90.6,,90.6,90.6,,90.7,90.7,,91.6,91.6,,91.9,91.9,,92.5,92.5,,92.7,92.7,,93,93,,93.4,93.4,,93.8,93.8,,93.9,93.9
66,,90,90,,89.8,89.8,,90,90,,90.1,90.1,,91,91,,91.3,91.3,,92,92,,92.3,92.3,,92.5,92.5,,93,93,,93.5,93.5,,93.4,93.4
67,,89.3,89.3,,89.3,89.3,,89.4,89.4,,89.7,89.7,,90.4,90.4,,90.9,90.9,,91.4,91.4,,91.8,91.8,,92,92,,92.4,92.4,,93.2,93.2,,93,93
68,,88.7,88.7,,88.7,88.7,,88.8,88.8,,89.4,89.4,,89.8,89.8,,90.5,90.5,,90.9,90.9,,91.3,91.3,,91.6,91.6,,91.8,91.8,,92.8,92.8,,92.5,92.5
69,,88.2,88.2,,88.1,88.1,,88.3,88.3,,88.8,88.8,,89.3,89.3,,90,90,,90.6,90.6,,90.9,90.9,,91.4,91.4,,91.5,91.5,,92.4,92.4,,92.1,92.1
70,,87.6,87.6,,87.5,87.5,,87.7,87.7,,88.2,88.2,,88.9,88.9,,89.4,89.4,,90.1,90.1,,90.4,90.4,,91.1,91.1,,91.2,91.2,,91.9,91.9,,91.8,91.8
71,,87,87,,87,87,,87.2,87.2,,87.5,87.5,,88.3,88.3,,88.7,88.7,,89.4,89.4,,89.8,89.8,,90.5,90.5,,90.7,90.7,,91.4,91.4,,91.4,91.4
72,,86.3,86.3,,86.5,86.5,,86.8,86.8,,86.8,86.8,,87.7,87.7,,88.1,88.1,,88.8,88.8,,89.3,89.3,,89.9,89.9,,90.1,90.1,,90.9,90.9,,91.1,91.1
73,,85.7,85.7,,85.8,85.8,,86.2,86.2,,86.5,86.5,,87.3,87.3,,87.7,87.7,,88.5,88.5,,88.9,88.9,,89.5,89.5,,89.9,89.9,,90.6,90.6,,90.8,90.8
74,,85.1,85.1,,85.1,85.1,,85.7,85.7,,86.1,86.1,,86.8,86.8,,87.3,87.3,,88.2,88.2,,88.4,88.4,,89.1,89.1,,89.5,89.5,,90.3,90.3,,90.5,90.5
75,,84.5,84.5,,84.6,84.6,,85,85,,85.5,85.5,,86.3,86.3,,86.8,86.8,,87.7,87.7,,88.1,88.1,,88.5,88.5,,89,89,,90,90,,90,90
76,,84,84,,84,84,,84.3,84.3,,84.9,84.9,,85.8,85.8,,86.4,86.4,,87.3,87.3,,87.7,87.7,,88,88,,88.5,88.5,,89.6,89.6,,89.6,89.6
77,,83.5,83.5,,83.4,83.4,,83.9,83.9,,84.3,84.3,,85.3,85.3,,86,86,,86.7,86.7,,87.1,87.1,,87.9,87.9,,88,88,,89,89,,89.1,89.1
78,,83,83,,82.8,82.8,,83.4,83.4,,83.8,83.8,,84.7,84.7,,85.5,85.5,,86.2,86.2,,86.5,86.5,,87.6,87.6,,87.5,87.5,,88.5,88.5,,88.6,88.6
79,,82.4,82.4,,82.5,82.5,,82.8,82.8,,83.4,83.4,,84.2,84.2,,84.9,84.9,,85.8,85.8,,86.1,86.1,,87,87,,87,87,,88.2,88.2,,88.2,88.2
80,,81.8,81.8,,82.1,82.1,,82.2,82.2,,83,83,,83.6,83.6,,84.3,84.3,,85.4,85.4,,85.7,85.7,,86.3,86.3,,86.6,86.6,,87.9,87.9,,87.8,87.8
81,,81.1,81.1,,81.7,81.7,,81.6,81.6,,82.4,82.4,,83,83,,83.7,83.7,,84.9,84.9,,85.2,85.2,,85.9,85.9,,86.3,86.3,,87.4,87.4,,87.5,87.5
82,,80.5,80.5,,81.2,81.2,,81.1,81.1,,81.8,81.8,,82.4,82.4,,83.2,83.2,,84.4,84.4,,84.7,84.7,,85.5,85.5,,86,86,,86.9,86.9,,87.3,87.3
83,,80,80,,80.4,80.4,,80.6,80.6,,81.2,81.2,,81.9,81.9,,82.7,82.7,,83.8,83.8,,84.1,84.1,,85.1,85.1,,85.5,85.5,,86.5,86.5,,87,87
84,,79.6,79.6,,79.8,79.8,,80.1,80.1,,80.6,80.6,,81.4,81.4,,82.2,82.2,,83.3,83.3,,83.6,83.6,,84.7,84.7,,85,85,,86,86,,86.6,86.6
85,,79.1,79.1,,79.4,79.4,,79.5,79.5,,80.3,80.3,,81.1,81.1,,81.9,81.9,,82.9,82.9,,83.4,83.4,,84.2,84.2,,84.5,84.5,,85.6,85.6,,86,86
86,,78.6,78.6,,79,79,,78.9,78.9,,79.8,79.8,,80.7,80.7,,81.5,81.5,,82.5,82.5,,83.1,83.1,,83.7,83.7,,84.1,84.1,,85.2,85.2,,85.5,85.5
87,,78.1,78.1,,78.3,78.3,,78.4,78.4,,79.3,79.3,,80.1,80.1,,80.9,80.9,,82,82,,82.7,82.7,,83.4,83.4,,83.6,83.6,,84.9,84.9,,85.3,85.3
88,,77.6,77.6,,77.6,77.6,,78,78,,78.7,78.7,,79.6,79.6,,80.3,80.3,,81.4,81.4,,82.3,82.3,,83,83,,83.1,83.1,,84.6,84.6,,85,85
89,,77,77,,77,77,,77.6,77.6,,78.1,78.1,,79.1,79.1,,79.8,79.8,,81,81,,81.6,81.6,,82.5,82.5,,82.6,82.6,,84.2,84.2,,84.5,84.5
90,,76.4,76.4,,76.5,76.5,,77.3,77.3,,77.6,77.6,,78.6,78.6,,79.3,79.3,,80.6,80.6,,81,81,,82,82,,82.2,82.2,,83.8,83.8,,84,84
91,,75.9,75.9,,76.1,76.1,,76.7,76.7,,77.2,77.2,,78,78,,78.9,78.9,,80.2,80.2,,80.8,80.8,,81.6,81.6,,81.8,81.8,,83.4,83.4,,83.6,83.6
92,,75.4,75.4,,75.7,75.7,,76.2,76.2,,76.8,76.8,,77.4,77.4,,78.4,78.4,,79.8,79.8,,80.5,80.5,,81.2,81.2,,81.4,81.4,,83,83,,83.3,83.3
93,,74.7,74.7,,75.2,75.2,,75.7,75.7,,76.3,76.3,,76.9,76.9,,78.2,78.2,,79.3,79.3,,80.1,80.1,,80.7,80.7,,81.3,81.3,,82.6,82.6,,82.8,82.8
94,,74.1,74.1,,74.7,74.7,,75.2,75.2,,75.8,75.8,,76.5,76.5,,77.8,77.8,,78.7,78.7,,79.6,79.6,,80.3,80.3,,81.1,81.1,,82.2,82.2,,82.3,82.3
95,,73.8,73.8,,74.2,74.2,,74.6,74.6,,75.3,75.3,,76,76,,77.1,77.1,,78.3,78.3,,79.1,79.1,,80,80,,80.6,80.6,,81.9,81.9,,82.1,82.1
96,,73.4,73.4,,73.7,73.7,,74.1,74.1,,74.9,74.9,,75.6,75.6,,76.5,76.5,,77.8,77.8,,78.6,78.6,,79.7,79.7,,80.1,80.1,,81.6,81.6,,81.8,81.8
97,,72.8,72.8,,73.2,73.2,,73.8,73.8,,74.3,74.3,,75.3,75.3,,76.2,76.2,,77.5,77.5,,78.2,78.2,,79.3,79.3,,79.7,79.7,,81.3,81.3,,81.5,81.5
98,,72.3,72.3,,72.7,72.7,,73.4,73.4,,73.8,73.8,,74.9,74.9,,76,76,,77.1,77.1,,77.8,77.8,,78.8,78.8,,79.2,79.2,,80.9,80.9,,81.1,81.1
99,,71.9,71.9,,72.3,72.3,,72.8,72.8,,73.4,73.4,,74.4,74.4,,75.5,75.5,,76.6,76.6,,77.5,77.5,,78.2,78.2,,78.9,78.9,,80.6,80.6,,80.7,80.7
100,,71.5,71.5,,71.8,71.8,,72.2,72.2,,72.9,72.9,,73.8,73.8,,75.1,75.1,,76.2,76.2,,77.1,77.1,,77.7,77.7,,78.5,78.5,,80.2,80.2,,80.3,80.3
101,,71.1,71.1,,71.2,71.2,,71.9,71.9,,72.4,72.4,,73.4,73.4,,74.7,74.7,,75.8,75.8,,76.7,76.7,,77.3,77.3,,78.2,78.2,,79.7,79.7,,80,80
102,,70.7,70.7,,70.7,70.7,,71.5,71.5,,71.8,71.8,,72.9,72.9,,74.2,74.2,,75.4,75.4,,76.3,76.3,,76.8,76.8,,77.8,77.8,,79.2,79.2,,79.6,79.6
103,,70.3,70.3,,70.4,70.4,,70.9,70.9,,71.3,71.3,,72.5,72.5,,73.8,73.8,,75,75,,75.9,75.9,,76.6,76.6,,77.3,77.3,,78.9,78.9,,79.3,79.3
104,,69.8,69.8,,70,70,,70.3,70.3,,70.8,70.8,,72,72,,73.3,73.3,,74.5,74.5,,75.4,75.4,,76.3,76.3,,76.8,76.8,,78.5,78.5,,78.9,78.9
105,,69.2,69.2,,69.6,69.6,,69.9,69.9,,70.5,70.5,,71.6,71.6,,72.8,72.8,,74.2,74.2,,74.9,74.9,,75.8,75.8,,76.5,76.5,,78.2,78.2,,78.5,78.5
106,,68.6,68.6,,69.2,69.2,,69.5,69.5,,70.2,70.2,,71.1,71.1,,72.3,72.3,,73.8,73.8,,74.4,74.4,,75.4,75.4,,76.2,76.2,,77.9,77.9,,78.1,78.1
107,,68.2,68.2,,68.8,68.8,,69,69,,69.8,69.8,,70.8,70.8,,71.9,71.9,,73.4,73.4,,74,74,,75,75,,75.6,75.6,,77.5,77.5,,77.8,77.8
108,,67.8,67.8,,68.4,68.4,,68.6,68.6,,69.4,69.4,,70.4,70.4,,71.5,71.5,,72.9,72.9,,73.5,73.5,,74.6,74.6,,75.1,75.1,,77.1,77.1,,77.5,77.5
109,,67.5,67.5,,67.9,67.9,,68.1,68.1,,68.9,68.9,,69.8,69.8,,71,71,,72.5,72.5,,73.1,73.1,,74.1,74.1,,74.9,74.9,,76.6,76.6,,77.1,77.1
110,,67.1,67.1,,67.4,67.4,,67.7,67.7,,68.5,68.5,,69.2,69.2,,70.5,70.5,,72,72,,72.7,72.7,,73.7,73.7,,74.6,74.6,,76.2,76.2,,76.8,76.8
111,,66.4,66.4,,66.9,66.9,,67.1,67.1,,68.2,68.2,,68.7,68.7,,70.2,70.2,,71.6,71.6,,72.4,72.4,,73.4,73.4,,74,74,,76.1,76.1,,76.5,76.5
112,,65.7,65.7,,66.4,66.4,,66.6,66.6,,67.9,67.9,,68.2,68.2,,69.9,69.9,,71.2,71.2,,72.1,72.1,,73.1,73.1,,73.5,73.5,,75.8,75.8,,76.2,76.2
113,,65.3,65.3,,66.2,66.2,,66.3,66.3,,67.3,67.3,,68,68,,69.5,69.5,,70.7,70.7,,71.7,71.7,,72.7,72.7,,73.2,73.2,,75.4,75.4,,75.7,75.7
114,,64.9,64.9,,65.9,65.9,,65.9,65.9,,66.7,66.7,,67.7,67.7,,69.1,69.1,,70.3,70.3,,71.2,71.2,,72.3,72.3,,72.8,72.8,,74.9,74.9,,75.3,75.3
115,,64.7,64.7,,65.3,65.3,,65.5,65.5,,66.1,66.1,,67.3,67.3,,68.5,68.5,,69.9,69.9,,70.8,70.8,,71.9,71.9,,72.4,72.4,,74.4,74.4,,75,75
116,,64.4,64.4,,64.8,64.8,,65.2,65.2,,65.5,65.5,,66.9,66.9,,68,68,,69.5,69.5,,70.4,70.4,,71.5,71.5,,72,72,,73.9,73.9,,74.8,74.8
117,,64,64,,64.4,64.4,,64.9,64.9,,65.3,65.3,,66.4,66.4,,67.6,67.6,,69.1,69.1,,70.1,70.1,,71.1,71.1,,71.8,71.8,,73.8,73.8,,74.4,74.4
118,,63.6,63.6,,64,64,,64.6,64.6,,65,65,,65.8,65.8,,67.2,67.2,,68.7,68.7,,69.7,69.7,,70.8,70.8,,71.6,71.6,,73.7,73.7,,74,74
119,,63.2,63.2,,63.5,63.5,,64,64,,64.6,64.6,,65.5,65.5,,66.9,66.9,,68.2,68.2,,69.2,69.2,,70.5,70.5,,71.2,71.2,,73.2,73.2,,73.6,73.6
120,,62.8,62.8,,62.9,62.9,,63.4,63.4,,64.3,64.3,,65.1,65.1,,66.6,66.6,,67.8,67.8,,68.8,68.8,,70.2,70.2,,70.7,70.7,,72.8,72.8,,73.2,73.2
121,,62.2,62.2,,62.5,62.5,,62.9,62.9,,63.9,63.9,,64.5,64.5,,66,66,,67.6,67.6,,68.5,68.5,,69.8,69.8,,70.5,70.5,,72.5,72.5,,72.8,72.8
122,,61.6,61.6,,62.1,62.1,,62.5,62.5,,63.5,63.5,,64,64,,65.6,65.6,,67.3,67.3,,68.2,68.2,,69.3,69.3,,70.2,70.2,,72.1,72.1,,72.3,72.3
123,,61.4,61.4,,61.8,61.8,,62.1,62.1,,63.2,63.2,,63.8,63.8,,65.4,65.4,,66.9,66.9,,67.9,67.9,,68.9,68.9,,69.7,69.7,,71.8,71.8,,72,72
124,,61.1,61.1,,61.5,61.5,,61.8,61.8,,62.8,62.8,,63.6,63.6,,65.1,65.1,,66.5,66.5,,67.7,67.7,,68.5,68.5,,69.2,69.2,,71.5,71.5,,71.7,71.7
125,,60.6,60.6,,61.2,61.2,,61.6,61.6,,62.5,62.5,,63.2,63.2,,64.5,64.5,,66.1,66.1,,67.2,67.2,,68.1,68.1,,68.8,68.8,,71,71,,71.3,71.3
126,,60.1,60.1,,60.9,60.9,,61.3,61.3,,62.1,62.1,,62.8,62.8,,63.9,63.9,,65.7,65.7,,66.7,66.7,,67.6,67.6,,68.5,68.5,,70.6,70.6,,71,71
127,,59.8,59.8,,60.5,60.5,,60.8,60.8,,61.5,61.5,,62.3,62.3,,63.6,63.6,,65.3,65.3,,66.3,66.3,,67.2,67.2,,68.1,68.1,,70.4,70.4,,70.9,70.9
128,,59.4,59.4,,60.1,60.1,,60.3,60.3,,61,61,,61.9,61.9,,63.3,63.3,,64.9,64.9,,65.9,65.9,,66.8,66.8,,67.7,67.7,,70.2,70.2,,70.7,70.7
129,,59.1,59.1,,59.7,59.7,,60,60,,60.6,60.6,,61.4,61.4,,63,63,,64.5,64.5,,65.6,65.6,,66.6,66.6,,67.3,67.3,,69.9,69.9,,70.3,70.3
130,,58.7,58.7,,59.3,59.3,,59.7,59.7,,60.3,60.3,,61,61,,62.7,62.7,,64.1,64.1,,65.2,65.2,,66.4,66.4,,67,67,,69.5,69.5,,69.9,69.9
131,,58.3,58.3,,58.9,58.9,,59.2,59.2,,59.9,59.9,,60.9,60.9,,62.2,62.2,,63.7,63.7,,64.6,64.6,,66.1,66.1,,66.6,66.6,,69.1,69.1,,69.5,69.5
132,,57.9,57.9,,58.6,58.6,,58.7,58.7,,59.5,59.5,,60.7,60.7,,61.7,61.7,,63.4,63.4,,64.1,64.1,,65.9,65.9,,66.3,66.3,,68.6,68.6,,69.1,69.1
133,,57.5,57.5,,58.2,58.2,,58.5,58.5,,59.1,59.1,,60.2,60.2,,61.4,61.4,,63.1,63.1,,63.9,63.9,,65.4,65.4,,66.1,66.1,,68.3,68.3,,68.7,68.7
134,,57.1,57.1,,57.9,57.9,,58.3,58.3,,58.7,58.7,,59.7,59.7,,61.1,61.1,,62.8,62.8,,63.7,63.7,,64.9,64.9,,65.8,65.8,,68,68,,68.3,68.3
135,,56.9,56.9,,57.4,57.4,,57.8,57.8,,58.5,58.5,,59.4,59.4,,60.8,60.8,,62.4,62.4,,63.4,63.4,,64.7,64.7,,65.5,65.5,,67.6,67.6,,68.1,68.1
136,,56.7,56.7,,57,57,,57.3,57.3,,58.2,58.2,,59,59,,60.5,60.5,,62.1,62.1,,63.1,63.1,,64.4,64.4,,65.1,65.1,,67.2,67.2,,67.9,67.9
137,,56.2,56.2,,56.8,56.8,,56.8,56.8,,57.7,57.7,,58.6,58.6,,60.2,60.2,,61.8,61.8,,62.7,62.7,,64.1,64.1,,64.8,64.8,,66.9,66.9,,67.6,67.6
138,,55.8,55.8,,56.5,56.5,,56.4,56.4,,57.2,57.2,,58.2,58.2,,59.9,59.9,,61.4,61.4,,62.4,62.4,,63.7,63.7,,64.4,64.4,,66.7,66.7,,67.3,67.3
139,,55.4,55.4,,56,56,,56.2,56.2,,56.9,56.9,,57.9,57.9,,59.3,59.3,,60.9,60.9,,62,62,,63.4,63.4,,64,64,,66.4,66.4,,67.1,67.1
140,,55.1,55.1,,55.5,55.5,,56,56,,56.6,56.6,,57.5,57.5,,58.8,58.8,,60.5,60.5,,61.6,61.6,,63.1,63.1,,63.6,63.6,,66.1,66.1,,66.8,66.8
141,,54.7,54.7,,55.2,55.2,,55.6,55.6,,56.3,56.3,,57.1,57.1,,58.4,58.4,,60,60,,61.2,61.2,,62.7,62.7,,63.3,63.3,,65.7,65.7,,66.4,66.4
142,,54.4,54.4,,54.9,54.9,,55.1,55.1,,56,56,,56.8,56.8,,58.1,58.1,,59.7,59.7,,60.9,60.9,,62.2,62.2,,63.1,63.1,,65.3,65.3,,66,66
143,,54,54,,54.6,54.6,,54.8,54.8,,55.5,55.5,,56.6,56.6,,57.9,57.9,,59.4,59.4,,60.6,60.6,,61.9,61.9,,62.7,62.7,,65,65,,65.6,65.6
144,,53.6,53.6,,54.4,54.4,,54.5,54.5,,55.1,55.1,,56.4,56.4,,57.7,57.7,,59.1,59.1,,60.4,60.4,,61.6,61.6,,62.4,62.4,,64.7,64.7,,65.3,65.3
145,,53.2,53.2,,54,54,,54.1,54.1,,54.8,54.8,,56,56,,57.2,57.2,,58.8,58.8,,60,60,,61.2,61.2,,62,62,,64.4,64.4,,65,65
146,,52.8,52.8,,53.7,53.7,,53.8,53.8,,54.6,54.6,,55.6,55.6,,56.7,56.7,,58.5,58.5,,59.7,59.7,,60.9,60.9,,61.6,61.6,,64.1,64.1,,64.7,64.7
147,,52.6,52.6,,53.3,53.3,,53.5,53.5,,54.3,54.3,,55.1,55.1,,56.4,56.4,,58.3,58.3,,59.4,59.4,,60.7,60.7,,61.4,61.4,,63.8,63.8,,64.4,64.4
148,,52.3,52.3,,52.9,52.9,,53.2,53.2,,54,54,,54.8,54.8,,56,56,,58,58,,59.1,59.1,,60.4,60.4,,61.1,61.1,,63.5,63.5,,64.1,64.1
149,,52,52,,52.5,52.5,,52.8,52.8,,53.7,53.7,,54.5,54.5,,55.7,55.7,,57.7,57.7,,58.6,58.6,,59.9,59.9,,60.7,60.7,,63.1,63.1,,63.7,63.7
150,,51.6,51.6,,52.1,52.1,,52.5,52.5,,53.4,53.4,,54.2,54.2,,55.4,55.4,,57.3,57.3,,58.2,58.2,,59.6,59.6,,60.4,60.4,,62.8,62.8,,63.3,63.3
151,,51.4,51.4,,51.9,51.9,,52.3,52.3,,53,53,,53.9,53.9,,55.1,55.1,,56.8,56.8,,57.9,57.9,,59.4,59.4,,60.2,60.2,,62.7,62.7,,63.1,63.1
152,,51.1,51.1,,51.6,51.6,,52,52,,52.6,52.6,,53.5,53.5,,54.7,54.7,,56.3,56.3,,57.6,57.6,,59.1,59.1,,59.9,59.9,,62.5,62.5,,62.9,62.9
153,,50.6,50.6,,51.3,51.3,,51.6,51.6,,52.1,52.1,,53.2,53.2,,54.4,54.4,,56.1,56.1,,57.3,57.3,,58.6,58.6,,59.4,59.4,,62.2,62.2,,62.5,62.5
154,,50.2,50.2,,51,51,,51.1,51.1,,51.8,51.8,,52.8,52.8,,54,54,,55.8,55.8,,57,57,,58.1,58.1,,59,59,,61.8,61.8,,62.2,62.2
155,,50.1,50.1,,50.7,50.7,,50.8,50.8,,51.5,51.5,,52.5,52.5,,53.8,53.8,,55.5,55.5,,56.8,56.8,,57.9,57.9,,58.8,58.8,,61.4,61.4,,62,62
156,,49.9,49.9,,50.4,50.4,,50.5,50.5,,51.3,51.3,,52.2,52.2,,53.6,53.6,,55.2,55.2,,56.6,56.6,,57.7,57.7,,58.7,58.7,,61,61,,61.7,61.7
157,,49.4,49.4,,50.1,50.1,,50.3,50.3,,50.9,50.9,,51.9,51.9,,53.2,53.2,,54.9,54.9,,56.2,56.2,,57.4,57.4,,58.4,58.4,,60.7,60.7,,61.3,61.3
158,,49,49,,49.9,49.9,,50.1,50.1,,50.6,50.6,,51.6,51.6,,52.9,52.9,,54.6,54.6,,55.8,55.8,,57.1,57.1,,58.1,58.1,,60.5,60.5,,60.9,60.9
159,,48.7,48.7,,49.6,49.6,,49.7,49.7,,50.4,50.4,,51.3,51.3,,52.5,52.5,,54.3,54.3,,55.6,55.6,,56.9,56.9,,57.7,57.7,,60.3,60.3,,60.8,60.8
160,,48.3,48.3,,49.3,49.3,,49.2,49.2,,50.2,50.2,,51.1,51.1,,52.2,52.2,,54,54,,55.3,55.3,,56.7,56.7,,57.4,57.4,,60.1,60.1,,60.6,60.6
161,,48,48,,48.9,48.9,,49,49,,49.9,49.9,,50.8,50.8,,51.9,51.9,,53.7,53.7,,54.8,54.8,,56.4,56.4,,57,57,,59.6,59.6,,60.1,60.1
162,,47.7,47.7,,48.4,48.4,,48.8,48.8,,49.6,49.6,,50.5,50.5,,51.5,51.5,,53.4,53.4,,54.4,54.4,,56.1,56.1,,56.6,56.6,,59.3,59.3,,59.8,59.8
163,,47.4,47.4,,48.3,48.3,,48.3,48.3,,49.3,49.3,,50.2,50.2,,51.2,51.2,,53.1,53.1,,54.3,54.3,,55.8,55.8,,56.4,56.4,,59.2,59.2,,59.5,59.5
164,,47.1,47.1,,48.1,48.1,,47.9,47.9,,49,49,,49.8,49.8,,50.9,50.9,,52.8,52.8,,54,54,,55.4,55.4,,56.1,56.1,,59.1,59.1,,59.2,59.2
165,,46.7,46.7,,47.7,47.7,,47.7,47.7,,48.7,48.7,,49.5,49.5,,50.6,50.6,,52.4,52.4,,53.6,53.6,,55.1,55.1,,55.8,55.8,,58.7,58.7,,59,59
166,,46.4,46.4,,47.4,47.4,,47.5,47.5,,48.4,48.4,,49.1,49.1,,50.2,50.2,,52,52,,53.3,53.3,,54.7,54.7,,55.5,55.5,,58.4,58.4,,58.8,58.8
167,,46.1,46.1,,47,47,,47.2,47.2,,48,48,,48.8,48.8,,50.1,50.1,,51.7,51.7,,53,53,,54.4,54.4,,55.2,55.2,,57.9,57.9,,58.5,58.5
168,,45.9,45.9,,46.6,46.6,,46.8,46.8,,47.6,47.6,,48.5,48.5,,49.9,49.9,,51.4,51.4,,52.8,52.8,,54.1,54.1,,55,55,,57.5,57.5,,58.1,58.1
169,,45.7,45.7,,46.5,46.5,,46.6,46.6,,47.4,47.4,,48.2,48.2,,49.5,49.5,,51.2,51.2,,52.6,52.6,,53.8,53.8,,54.7,54.7,,57.3,57.3,,57.7,57.7
170,,45.5,45.5,,46.3,46.3,,46.3,46.3,,47.1,47.1,,47.9,47.9,,49.1,49.1,,51,51,,52.4,52.4,,53.5,53.5,,54.5,54.5,,57.1,57.1,,57.3,57.3
171,,45.2,45.2,,45.9,45.9,,46,46,,46.9,46.9,,47.7,47.7,,48.9,48.9,,50.6,50.6,,51.9,51.9,,53.2,53.2,,54.2,54.2,,56.7,56.7,,57.1,57.1
172,,44.8,44.8,,45.5,45.5,,45.7,45.7,,46.6,46.6,,47.6,47.6,,48.6,48.6,,50.3,50.3,,51.6,51.6,,52.9,52.9,,53.9,53.9,,56.4,56.4,,57,57
173,,44.5,44.5,,45.3,45.3,,45.4,45.4,,46.2,46.2,,47.2,47.2,,48.2,48.2,,50,50,,51.5,51.5,,52.6,52.6,,53.5,53.5,,56.1,56.1,,56.8,56.8
174,,44.2,44.2,,45,45,,45.1,45.1,,45.8,45.8,,46.9,46.9,,47.9,47.9,,49.8,49.8,,51.3,51.3,,52.2,52.2,,53.1,53.1,,55.8,55.8,,56.6,56.6
175,,44,44,,44.6,44.6,,44.9,44.9,,45.7,45.7,,46.5,46.5,,47.6,47.6,,49.4,49.4,,50.9,50.9,,51.9,51.9,,52.9,52.9,,55.6,55.6,,56.3,56.3
176,,43.8,43.8,,44.2,44.2,,44.7,44.7,,45.5,45.5,,46.2,46.2,,47.4,47.4,,49,49,,50.5,50.5,,51.7,51.7,,52.7,52.7,,55.4,55.4,,56.1,56.1
177,,43.5,43.5,,44,44,,44.3,44.3,,45,45,,46.1,46.1,,47.2,47.2,,48.7,48.7,,50.3,50.3,,51.3,51.3,,52.4,52.4,,55.2,55.2,,55.7,55.7
178,,43.3,43.3,,43.8,43.8,,44,44,,44.6,44.6,,45.9,45.9,,47,47,,48.4,48.4,,50,50,,51,51,,52.1,52.1,,55,55,,55.4,55.4
179,,43,43,,43.6,43.6,,43.7,43.7,,44.4,44.4,,45.6,45.6,,46.8,46.8,,48.1,48.1,,49.7,49.7,,50.9,50.9,,51.7,51.7,,54.6,54.6,,55.2,55.2
180,,42.7,42.7,,43.4,43.4,,43.4,43.4,,44.1,44.1,,45.4,45.4,,46.5,46.5,,47.9,47.9,,49.4,49.4,,50.7,50.7,,51.3,51.3,,54.3,54.3,,55.1,55.1
181,,42.3,42.3,,43,43,,43.2,43.2,,43.9,43.9,,45,45,,46.2,46.2,,47.8,47.8,,49.1,49.1,,50.4,50.4,,51.3,51.3,,53.9,53.9,,54.6,54.6
182,,42,42,,42.6,42.6,,43,43,,43.7,43.7,,44.7,44.7,,45.8,45.8,,47.7,47.7,,48.9,48.9,,50.1,50.1,,51.2,51.2,,53.5,53.5,,54.3,54.3
183,,41.9,41.9,,42.5,42.5,,42.8,42.8,,43.4,43.4,,44.4,44.4,,45.6,45.6,,47.4,47.4,,48.7,48.7,,49.9,49.9,,50.9,50.9,,53.3,53.3,,54.3,54.3
184,,41.7,41.7,,42.4,42.4,,42.5,42.5,,43.1,43.1,,44.1,44.1,,45.3,45.3,,47,47,,48.5,48.5,,49.7,49.7,,50.5,50.5,,53.1,53.1,,54.2,54.2
185,,41.3,41.3,,42.1,42.1,,42.1,42.1,,42.9,42.9,,43.8,43.8,,45.1,45.1,,46.7,46.7,,48.2,48.2,,49.3,49.3,,50.2,50.2,,53,53,,53.9,53.9
186,,40.9,40.9,,41.8,41.8,,41.8,41.8,,42.7,42.7,,43.5,43.5,,44.9,44.9,,46.4,46.4,,47.9,47.9,,48.9,48.9,,49.9,49.9,,52.8,52.8,,53.6,53.6
187,,40.6,40.6,,41.5,41.5,,41.5,41.5,,42.4,42.4,,43.3,43.3,,44.6,44.6,,46.1,46.1,,47.6,47.6,,48.8,48.8,,49.6,49.6,,52.5,52.5,,53.3,53.3
188,,40.4,40.4,,41.3,41.3,,41.3,41.3,,42.1,42.1,,43.1,43.1,,44.4,44.4,,45.8,45.8,,47.3,47.3,,48.6,48.6,,49.3,49.3,,52.2,52.2,,52.9,52.9
189,,40.2,40.2,,41,41,,41.2,41.2,,42,42,,42.8,42.8,,44.1,44.1,,45.5,45.5,,47.1,47.1,,48.3,48.3,,49.1,49.1,,52,52,,52.7,52.7
190,,40.1,40.1,,40.8,40.8,,41.1,41.1,,41.8,41.8,,42.6,42.6,,43.9,43.9,,45.3,45.3,,46.8,46.8,,48,48,,48.8,48.8,,51.8,51.8,,52.4,52.4
191,,39.8,39.8,,40.6,40.6,,40.7,40.7,,41.6,41.6,,42.2,42.2,,43.5,43.5,,45.1,45.1,,46.5,46.5,,47.7,47.7,,48.6,48.6,,51.5,51.5,,52.3,52.3
192,,39.5,39.5,,40.4,40.4,,40.4,40.4,,41.3,41.3,,41.8,41.8,,43.2,43.2,,44.8,44.8,,46.2,46.2,,47.4,47.4,,48.3,48.3,,51.1,51.1,,52.1,52.1
193,,39.4,39.4,,40.1,40.1,,40.2,40.2,,41.1,41.1,,41.7,41.7,,43,43,,44.5,44.5,,46,46,,47.2,47.2,,48,48,,50.9,50.9,,51.7,51.7
194,,39.3,39.3,,39.7,39.7,,40,40,,40.8,40.8,,41.5,41.5,,42.8,42.8,,44.1,44.1,,45.9,45.9,,47,47,,47.7,47.7,,50.7,50.7,,51.4,51.4
195,,39,39,,39.3,39.3,,39.7,39.7,,40.5,40.5,,41.2,41.2,,42.5,42.5,,44.2,44.2,,45.6,45.6,,46.7,46.7,,47.5,47.5,,50.5,50.5,,51.1,51.1
196,,38.7,38.7,,39,39,,39.4,39.4,,40.2,40.2,,40.9,40.9,,42.3,42.3,,44.1,44.1,,45.3,45.3,,46.4,46.4,,47.3,47.3,,50.4,50.4,,50.8,50.8
197,,38.4,38.4,,38.9,38.9,,39.2,39.2,,39.9,39.9,,40.7,40.7,,42.1,42.1,,43.8,43.8,,45.1,45.1,,46.2,46.2,,47.1,47.1,,50,50,,50.7,50.7
198,,38.1,38.1,,38.7,38.7,,39,39,,39.6,39.6,,40.5,40.5,,41.9,41.9,,43.4,43.4,,44.8,44.8,,45.9,45.9,,46.9,46.9,,49.6,49.6,,50.6,50.6
199,,37.8,37.8,,38.7,38.7,,38.7,38.7,,39.5,39.5,,40.2,40.2,,41.6,41.6,,43,43,,44.5,44.5,,45.7,45.7,,46.8,46.8,,49.3,49.3,,50.2,50.2
200,,37.4,37.4,,38.5,38.5,,38.3,38.3,,39.4,39.4,,39.9,39.9,,41.3,41.3,,42.7,42.7,,44.2,44.2,,45.4,45.4,,46.6,46.6,,49.1,49.1,,49.8,49.8
201,,37.2,37.2,,38.1,38.1,,38.3,38.3,,39.1,39.1,,39.7,39.7,,41,41,,42.5,42.5,,43.9,43.9,,45.2,45.2,,46.3,46.3,,48.9,48.9,,49.5,49.5
202,,37,37,,37.8,37.8,,38.1,38.1,,38.8,38.8,,39.5,39.5,,40.8,40.8,,42.3,42.3,,43.6,43.6,,45,45,,45.9,45.9,,48.7,48.7,,49.3,49.3
203,,36.8,36.8,,37.5,37.5,,37.9,37.9,,38.5,38.5,,39.3,39.3,,40.6,40.6,,42.1,42.1,,43.5,43.5,,44.7,44.7,,45.6,45.6,,48.4,48.4,,49.2,49.2
204,,36.6,36.6,,37.3,37.3,,37.7,37.7,,38.3,38.3,,39.1,39.1,,40.5,40.5,,41.8,41.8,,43.3,43.3,,44.5,44.5,,45.2,45.2,,48.2,48.2,,49,49
205,,36.4,36.4,,37.3,37.3,,37.3,37.3,,38.1,38.1,,38.8,38.8,,40.2,40.2,,41.5,41.5,,43.1,43.1,,44.3,44.3,,45,45,,47.9,47.9,,48.8,48.8
206,,36.3,36.3,,37.2,37.2,,36.9,36.9,,38,38,,38.4,38.4,,39.8,39.8,,41.2,41.2,,42.8,42.8,,44.1,44.1,,44.8,44.8,,47.6,47.6,,48.5,48.5
207,,36,36,,36.8,36.8,,36.8,36.8,,37.7,37.7,,38.2,38.2,,39.7,39.7,,41,41,,42.5,42.5,,43.9,43.9,,44.6,44.6,,47.4,47.4,,48.3,48.3
208,,35.7,35.7,,36.5,36.5,,36.7,36.7,,37.5,37.5,,37.9,37.9,,39.5,39.5,,40.8,40.8,,42.2,42.2,,43.7,43.7,,44.4,44.4,,47.1,47.1,,48,48
209,,35.5,35.5,,36.4,36.4,,36.4,36.4,,37.2,37.2,,37.8,37.8,,39.3,39.3,,40.5,40.5,,42,42,,43.4,43.4,,44.2,44.2,,46.9,46.9,,47.7,47.7
210,,35.2,35.2,,36.2,36.2,,36.2,36.2,,37,37,,37.7,37.7,,39.1,39.1,,40.3,40.3,,41.9,41.9,,43.1,43.1,,44,44,,46.6,46.6,,47.5,47.5
211,,35.1,35.1,,35.9,35.9,,36.1,36.1,,36.8,36.8,,37.5,37.5,,38.9,38.9,,40.2,40.2,,41.6,41.6,,42.9,42.9,,43.8,43.8,,46.4,46.4,,47.3,47.3
212,,35,35,,35.6,35.6,,36,36,,36.5,36.5,,37.2,37.2,,38.6,38.6,,40.1,40.1,,41.4,41.4,,42.6,42.6,,43.5,43.5,,46.2,46.2,,47.1,47.1
213,,34.8,34.8,,35.5,35.5,,35.8,35.8,,36.3,36.3,,36.9,36.9,,38.2,38.2,,39.9,39.9,,41.1,41.1,,42.4,42.4,,43.3,43.3,,46,46,,46.8,46.8
214,,34.6,34.6,,35.4,35.4,,35.6,35.6,,36,36,,36.7,36.7,,37.8,37.8,,39.7,39.7,,40.8,40.8,,42.2,42.2,,43.1,43.1,,45.8,45.8,,46.5,46.5
215,,34.4,34.4,,35.1,35.1,,35.3,35.3,,35.9,35.9,,36.5,36.5,,37.7,37.7,,39.4,39.4,,40.6,40.6,,41.8,41.8,,42.8,42.8,,45.4,45.4,,46.4,46.4
216,,34.1,34.1,,34.9,34.9,,35,35,,35.7,35.7,,36.4,36.4,,37.6,37.6,,39.1,39.1,,40.4,40.4,,41.4,41.4,,42.6,42.6,,45.1,45.1,,46.3,46.3
217,,34,34,,34.6,34.6,,34.7,34.7,,35.4,35.4,,36.1,36.1,,37.4,37.4,,38.8,38.8,,40.2,40.2,,41.3,41.3,,42.3,42.3,,45.1,45.1,,46,46
218,,33.8,33.8,,34.3,34.3,,34.6,34.6,,35.2,35.2,,35.7,35.7,,37.1,37.1,,38.5,38.5,,40,40,,41.1,41.1,,42,42,,45,45,,45.7,45.7
219,,33.6,33.6,,34.2,34.2,,34.5,34.5,,34.9,34.9,,35.5,35.5,,37,37,,38.3,38.3,,39.8,39.8,,40.9,40.9,,41.7,41.7,,44.8,44.8,,45.5,45.5
220,,33.4,33.4,,34.1,34.1,,34.5,34.5,,34.7,34.7,,35.3,35.3,,36.8,36.8,,38.1,38.1,,39.6,39.6,,40.7,40.7,,41.5,41.5,,44.6,44.6,,45.2,45.2
221,,33.1,33.1,,33.8,33.8,,34.2,34.2,,34.5,34.5,,35.1,35.1,,36.7,36.7,,37.9,37.9,,39.4,39.4,,40.5,40.5,,41.3,41.3,,44.2,44.2,,44.9,44.9
222,,32.8,32.8,,33.5,33.5,,33.9,33.9,,34.4,34.4,,35,35,,36.5,36.5,,37.7,37.7,,39.1,39.1,,40.3,40.3,,41,41,,43.9,43.9,,44.6,44.6
223,,32.6,32.6,,33.3,33.3,,33.6,33.6,,34.2,34.2,,34.9,34.9,,36.2,36.2,,37.5,37.5,,39,39,,40.1,40.1,,40.8,40.8,,43.8,43.8,,44.4,44.4
224,,32.5,32.5,,33.2,33.2,,33.4,33.4,,34.1,34.1,,34.7,34.7,,36,36,,37.4,37.4,,38.8,38.8,,39.9,39.9,,40.5,40.5,,43.6,43.6,,44.3,44.3
225,,32.4,32.4,,32.9,32.9,,33.1,33.1,,33.8,33.8,,34.5,34.5,,35.7,35.7,,37.2,37.2,,38.5,38.5,,39.5,39.5,,40.4,40.4,,43.4,43.4,,44.1,44.1
226,,32.3,32.3,,32.7,32.7,,32.9,32.9,,33.5,33.5,,34.3,34.3,,35.5,35.5,,37,37,,38.2,38.2,,39.3,39.3,,40.3,40.3,,43.2,43.2,,43.9,43.9
227,,32,32,,32.6,32.6,,32.8,32.8,,33.4,33.4,,34.2,34.2,,35.3,35.3,,36.8,36.8,,38,38,,39.2,39.2,,40,40,,43,43,,43.7,43.7
228,,31.7,31.7,,32.5,32.5,,32.6,32.6,,33.2,33.2,,34,34,,35,35,,36.6,36.6,,37.8,37.8,,39.1,39.1,,39.8,39.8,,42.8,42.8,,43.4,43.4
229,,31.5,31.5,,32.3,32.3,,32.3,32.3,,33,33,,33.7,33.7,,34.9,34.9,,36.4,36.4,,37.7,37.7,,38.9,38.9,,39.7,39.7,,42.5,42.5,,43.3,43.3
230,,31.4,31.4,,32,32,,32.1,32.1,,32.9,32.9,,33.3,33.3,,34.7,34.7,,36.2,36.2,,37.5,37.5,,38.6,38.6,,39.5,39.5,,42.2,42.2,,43.2,43.2
231,,31.1,31.1,,31.8,31.8,,32,32,,32.7,32.7,,33.2,33.2,,34.4,34.4,,36,36,,37.2,37.2,,38.4,38.4,,39.3,39.3,,42,42,,42.9,42.9
232,,31,31,,31.6,31.6,,31.8,31.8,,32.6,32.6,,33.1,33.1,,34.1,34.1,,35.8,35.8,,37,37,,38.2,38.2,,39.1,39.1,,41.8,41.8,,42.6,42.6
233,,31,31,,31.5,31.5,,31.6,31.6,,32.3,32.3,,32.9,32.9,,34,34,,35.6,35.6,,36.9,36.9,,37.9,37.9,,38.9,38.9,,41.6,41.6,,42.6,42.6
234,,30.9,30.9,,31.3,31.3,,31.4,31.4,,32.1,32.1,,32.6,32.6,,33.8,33.8,,35.4,35.4,,36.8,36.8,,37.7,37.7,,38.7,38.7,,41.4,41.4,,42.5,42.5
235,,30.6,30.6,,31.2,31.2,,31.1,31.1,,31.8,31.8,,32.4,32.4,,33.6,33.6,,35.2,35.2,,36.5,36.5,,37.5,37.5,,38.5,38.5,,41.2,41.2,,42.2,42.2
236,,30.3,30.3,,31,31,,30.9,30.9,,31.6,31.6,,32.2,32.2,,33.4,33.4,,35,35,,36.3,36.3,,37.3,37.3,,38.3,38.3,,41.1,41.1,,41.8,41.8
237,,30,30,,30.7,30.7,,30.8,30.8,,31.5,31.5,,32,32,,33.3,33.3,,34.7,34.7,,36.1,36.1,,37.2,37.2,,38.2,38.2,,40.9,40.9,,41.5,41.5
238,,29.8,29.8,,30.4,30.4,,30.8,30.8,,31.3,31.3,,31.9,31.9,,33.2,33.2,,34.5,34.5,,35.9,35.9,,37.1,37.1,,38,38,,40.7,40.7,,41.3,41.3
239,,29.7,29.7,,30.3,30.3,,30.6,30.6,,31.3,31.3,,31.7,31.7,,33,33,,34.3,34.3,,35.7,35.7,,36.8,36.8,,37.8,37.8,,40.5,40.5,,41.1,41.1
240,,29.7,29.7,,30.1,30.1,,30.4,30.4,,31.2,31.2,,31.6,31.6,,32.8,32.8,,34.1,34.1,,35.4,35.4,,36.5,36.5,,37.5,37.5,,40.3,40.3,,41,41
241,,29.4,29.4,,30,30,,30.2,30.2,,30.9,30.9,,31.4,31.4,,32.5,32.5,,33.9,33.9,,35.2,35.2,,36.4,36.4,,37.3,37.3,,39.9,39.9,,40.8,40.8
242,,29.1,29.1,,29.8,29.8,,30,30,,30.6,30.6,,31.3,31.3,,32.3,32.3,,33.7,33.7,,34.9,34.9,,36.2,36.2,,37.1,37.1,,39.6,39.6,,40.6,40.6
243,,28.9,28.9,,29.8,29.8,,29.8,29.8,,30.4,30.4,,31.1,31.1,,32.1,32.1,,33.6,33.6,,34.8,34.8,,36,36,,36.9,36.9,,39.5,39.5,,40.5,40.5
244,,28.7,28.7,,29.7,29.7,,29.6,29.6,,30.3,30.3,,31,31,,31.9,31.9,,33.4,33.4,,34.6,34.6,,35.8,35.8,,36.7,36.7,,39.4,39.4,,40.4,40.4
245,,28.6,28.6,,29.5,29.5,,29.4,29.4,,30,30,,30.8,30.8,,31.9,31.9,,33.1,33.1,,34.5,34.5,,35.5,35.5,,36.4,36.4,,39.1,39.1,,40.1,40.1
246,,28.5,28.5,,29.3,29.3,,29.2,29.2,,29.8,29.8,,30.6,30.6,,31.8,31.8,,32.9,32.9,,34.4,34.4,,35.2,35.2,,36.2,36.2,,38.8,38.8,,39.9,39.9
247,,28.4,28.4,,29,29,,29.1,29.1,,29.7,29.7,,30.4,30.4,,31.4,31.4,,32.8,32.8,,34.1,34.1,,35.1,35.1,,36,36,,38.6,38.6,,39.7,39.7
248,,28.4,28.4,,28.7,28.7,,29,29,,29.5,29.5,,30.2,30.2,,31.1,31.1,,32.7,32.7,,33.9,33.9,,34.9,34.9,,35.9,35.9,,38.4,38.4,,39.5,39.5
249,,28.1,28.1,,28.6,28.6,,28.7,28.7,,29.3,29.3,,30.1,30.1,,31,31,,32.5,32.5,,33.8,33.8,,34.8,34.8,,35.7,35.7,,38.4,38.4,,39.3,39.3
250,,27.9,27.9,,28.4,28.4,,28.4,28.4,,29.1,29.1,,30,30,,30.9,30.9,,32.3,32.3,,33.8,33.8,,34.6,34.6,,35.5,35.5,,38.4,38.4,,39,39
251,,27.8,27.8,,28.3,28.3,,28.3,28.3,,29.1,29.1,,29.7,29.7,,30.8,30.8,,32.1,32.1,,33.6,33.6,,34.4,34.4,,35.2,35.2,,38,38,,38.7,38.7
252,,27.7,27.7,,28.1,28.1,,28.1,28.1,,29,29,,29.4,29.4,,30.6,30.6,,32,32,,33.4,33.4,,34.2,34.2,,34.9,34.9,,37.7,37.7,,38.4,38.4
253,,27.5,27.5,,28,28,,28.1,28.1,,28.7,28.7,,29.2,29.2,,30.4,30.4,,31.8,31.8,,33.3,33.3,,34,34,,34.9,34.9,,37.7,37.7,,38.3,38.3
254,,27.4,27.4,,27.8,27.8,,28,28,,28.4,28.4,,29,29,,30.2,30.2,,31.7,31.7,,33.1,33.1,,33.8,33.8,,34.8,34.8,,37.6,37.6,,38.3,38.3
255,,27.2,27.2,,27.7,27.7,,27.9,27.9,,28.2,28.2,,28.9,28.9,,29.9,29.9,,31.3,31.3,,32.9,32.9,,33.6,33.6,,34.6,34.6,,37.4,37.4,,38.2,38.2
256,,27.1,27.1,,27.5,27.5,,27.7,27.7,,28,28,,28.7,28.7,,29.7,29.7,,31,31,,32.7,32.7,,33.4,33.4,,34.4,34.4,,37.2,37.2,,38.1,38.1
257,,26.8,26.8,,27.4,27.4,,27.4,27.4,,27.9,27.9,,28.5,28.5,,29.7,29.7,,30.8,30.8,,32.4,32.4,,33.3,33.3,,34.1,34.1,,37.1,37.1,,37.9,37.9
258,,26.6,26.6,,27.2,27.2,,27.2,27.2,,27.7,27.7,,28.4,28.4,,29.6,29.6,,30.7,30.7,,32.1,32.1,,33.2,33.2,,33.8,33.8,,36.9,36.9,,37.6,37.6
259,,26.5,26.5,,27.1,27.1,,27,27,,27.6,27.6,,28.5,28.5,,29.3,29.3,,30.5,30.5,,31.9,31.9,,33.1,33.1,,33.7,33.7,,36.6,36.6,,37.4,37.4
260,,26.4,26.4,,27,27,,26.9,26.9,,27.4,27.4,,28.5,28.5,,29.1,29.1,,30.4,30.4,,31.7,31.7,,32.9,32.9,,33.6,33.6,,36.3,36.3,,37.1,37.1
261,,26.2,26.2,,26.7,26.7,,26.8,26.8,,27.3,27.3,,28.2,28.2,,28.9,28.9,,30.3,30.3,,31.6,31.6,,32.6,32.6,,33.3,33.3,,36.1,36.1,,37.1,37.1
262,,25.9,25.9,,26.4,26.4,,26.7,26.7,,27.2,27.2,,27.9,27.9,,28.7,28.7,,30.1,30.1,,31.6,31.6,,32.4,32.4,,33.1,33.1,,35.9,35.9,,37,37
263,,25.8,25.8,,26.3,26.3,,26.5,26.5,,27.1,27.1,,27.7,27.7,,28.6,28.6,,30,30,,31.3,31.3,,32.2,32.2,,32.9,32.9,,35.8,35.8,,36.8,36.8
264,,25.6,25.6,,26.2,26.2,,26.4,26.4,,26.8,26.8,,27.4,27.4,,28.5,28.5,,29.8,29.8,,31.1,31.1,,32,32,,32.7,32.7,,35.6,35.6,,36.5,36.5
265,,25.4,25.4,,26,26,,26.2,26.2,,26.5,26.5,,27.3,27.3,,28.2,28.2,,29.5,29.5,,30.8,30.8,,31.9,31.9,,32.7,32.7,,35.4,35.4,,36.3,36.3
266,,25.2,25.2,,25.8,25.8,,26,26,,26.3,26.3,,27.1,27.1,,28,28,,29.3,29.3,,30.6,30.6,,31.7,31.7,,32.6,32.6,,35.2,35.2,,36.1,36.1
267,,25,25,,25.6,25.6,,25.8,25.8,,26.3,26.3,,26.9,26.9,,28,28,,29.2,29.2,,30.7,30.7,,31.5,31.5,,32.5,32.5,,35.1,35.1,,35.9,35.9
268,,24.7,24.7,,25.5,25.5,,25.7,25.7,,26.2,26.2,,26.8,26.8,,27.9,27.9,,29,29,,30.6,30.6,,31.3,31.3,,32.3,32.3,,35,35,,35.7,35.7
269,,24.6,24.6,,25.5,25.5,,25.5,25.5,,26,26,,26.7,26.7,,27.7,27.7,,29,29,,30.4,30.4,,31.2,31.2,,32.1,32.1,,34.8,34.8,,35.5,35.5
270,,24.5,24.5,,25.4,25.4,,25.4,25.4,,25.9,25.9,,26.6,26.6,,27.5,27.5,,28.9,28.9,,30.1,30.1,,31.1,31.1,,31.9,31.9,,34.6,34.6,,35.2,35.2
271,,24.4,24.4,,25.2,25.2,,25.3,25.3,,25.7,25.7,,26.3,26.3,,27.3,27.3,,28.6,28.6,,30,30,,31,31,,31.8,31.8,,34.3,34.3,,35.1,35.1
272,,24.3,24.3,,25,25,,25.2,25.2,,25.5,25.5,,26.1,26.1,,27.2,27.2,,28.4,28.4,,29.9,29.9,,30.8,30.8,,31.6,31.6,,34.1,34.1,,35,35
273,,24.1,24.1,,24.9,24.9,,25,25,,25.4,25.4,,25.9,25.9,,27,27,,28.2,28.2,,29.7,29.7,,30.5,30.5,,31.3,31.3,,34,34,,34.9,34.9
274,,24,24,,24.7,24.7,,24.8,24.8,,25.2,25.2,,25.8,25.8,,26.9,26.9,,28,28,,29.5,29.5,,30.2,30.2,,31,31,,33.9,33.9,,34.8,34.8
275,,24,24,,24.7,24.7,,24.8,24.8,,25,25,,25.6,25.6,,26.8,26.8,,28,28,,29.4,29.4,,30.1,30.1,,31,31,,33.8,33.8,,34.6,34.6
276,,24.1,24.1,,24.6,24.6,,24.8,24.8,,24.9,24.9,,25.5,25.5,,26.6,26.6,,28,28,,29.2,29.2,,29.9,29.9,,31,31,,33.6,33.6,,34.4,34.4
277,,23.9,23.9,,24.4,24.4,,24.6,24.6,,24.8,24.8,,25.4,25.4,,26.4,26.4,,27.6,27.6,,29,29,,29.9,29.9,,30.7,30.7,,33.4,33.4,,34.2,34.2
278,,23.8,23.8,,24.2,24.2,,24.4,24.4,,24.7,24.7,,25.3,25.3,,26.2,26.2,,27.3,27.3,,28.9,28.9,,29.9,29.9,,30.5,30.5,,33.2,33.2,,34,34
279,,23.6,23.6,,24,24,,24.2,24.2,,24.5,24.5,,25.2,25.2,,26.1,26.1,,27.3,27.3,,28.7,28.7,,29.7,29.7,,30.4,30.4,,33.2,33.2,,33.9,33.9
280,,23.3,23.3,,23.9,23.9,,24,24,,24.3,24.3,,25.1,25.1,,25.9,25.9,,27.2,27.2,,28.5,28.5,,29.6,29.6,,30.3,30.3,,33.1,33.1,,33.7,33.7
281,,23.1,23.1,,23.7,23.7,,23.8,23.8,,24.2,24.2,,24.9,24.9,,25.7,25.7,,27,27,,28.3,28.3,,29.2,29.2,,30.2,30.2,,32.8,32.8,,33.6,33.6
282,,23,23,,23.6,23.6,,23.6,23.6,,24,24,,24.7,24.7,,25.5,25.5,,26.9,26.9,,28.2,28.2,,28.9,28.9,,30,30,,32.5,32.5,,33.4,33.4
283,,22.8,22.8,,23.5,23.5,,23.4,23.4,,23.8,23.8,,24.6,24.6,,25.4,25.4,,26.8,26.8,,28.1,28.1,,28.8,28.8,,29.8,29.8,,32.4,32.4,,33.2,33.2
284,,22.7,22.7,,23.4,23.4,,23.3,23.3,,23.6,23.6,,24.6,24.6,,25.3,25.3,,26.6,26.6,,28,28,,28.6,28.6,,29.6,29.6,,32.3,32.3,,33,33
285,,22.7,22.7,,23.2,23.2,,23.2,23.2,,23.5,23.5,,24.4,24.4,,25.2,25.2,,26.5,26.5,,27.8,27.8,,28.5,28.5,,29.5,29.5,,32.1,32.1,,32.8,32.8
286,,22.6,22.6,,23.1,23.1,,23.1,23.1,,23.4,23.4,,24.2,24.2,,25.1,25.1,,26.3,26.3,,27.6,27.6,,28.3,28.3,,29.4,29.4,,31.9,31.9,,32.6,32.6
287,,22.5,22.5,,22.9,22.9,,23,23,,23.2,23.2,,24,24,,24.9,24.9,,26.2,26.2,,27.5,27.5,,28.2,28.2,,29.2,29.2,,31.7,31.7,,32.4,32.4
288,,22.4,22.4,,22.7,22.7,,22.9,22.9,,23.1,23.1,,23.8,23.8,,24.8,24.8,,26,26,,27.3,27.3,,28.1,28.1,,29,29,,31.6,31.6,,32.2,32.2
289,,22.2,22.2,,22.5,22.5,,22.8,22.8,,23,23,,23.8,23.8,,24.7,24.7,,26,26,,27.1,27.1,,28.1,28.1,,28.9,28.9,,31.4,31.4,,32.2,32.2
290,,22,22,,22.4,22.4,,22.7,22.7,,22.9,22.9,,23.7,23.7,,24.6,24.6,,25.9,25.9,,26.9,26.9,,28.1,28.1,,28.8,28.8,,31.3,31.3,,32.2,32.2
291,,21.9,21.9,,22.4,22.4,,22.5,22.5,,22.9,22.9,,23.6,23.6,,24.5,24.5,,25.7,25.7,,26.9,26.9,,27.8,27.8,,28.6,28.6,,31.1,31.1,,32,32
292,,21.8,21.8,,22.3,22.3,,22.4,22.4,,22.8,22.8,,23.5,23.5,,24.3,24.3,,25.5,25.5,,26.8,26.8,,27.5,27.5,,28.5,28.5,,31,31,,31.8,31.8
293,,21.7,21.7,,22.1,22.1,,22.3,22.3,,22.6,22.6,,23.2,23.2,,24.1,24.1,,25.3,25.3,,26.6,26.6,,27.5,27.5,,28.4,28.4,,30.8,30.8,,31.6,31.6
294,,21.5,21.5,,22,22,,22.2,22.2,,22.5,22.5,,23,23,,24,24,,25.1,25.1,,26.4,26.4,,27.4,27.4,,28.3,28.3,,30.6,30.6,,31.4,31.4
295,,21.4,21.4,,21.9,21.9,,22.1,22.1,,22.4,22.4,,23.1,23.1,,23.8,23.8,,25,25,,26.3,26.3,,27.2,27.2,,28.1,28.1,,30.5,30.5,,31.2,31.2
296,,21.2,21.2,,21.8,21.8,,22,22,,22.3,22.3,,23.1,23.1,,23.7,23.7,,24.9,24.9,,26.2,26.2,,27,27,,27.8,27.8,,30.4,30.4,,31.1,31.1
297,,21.2,21.2,,21.7,21.7,,21.9,21.9,,22.1,22.1,,22.8,22.8,,23.6,23.6,,24.7,24.7,,26.1,26.1,,26.9,26.9,,27.7,27.7,,30.3,30.3,,31,31
298,,21.2,21.2,,21.6,21.6,,21.8,21.8,,21.9,21.9,,22.6,22.6,,23.6,23.6,,24.5,24.5,,26,26,,26.7,26.7,,27.6,27.6,,30.1,30.1,,30.9,30.9
299,,21.1,21.1,,21.4,21.4,,21.6,21.6,,21.8,21.8,,22.5,22.5,,23.3,23.3,,24.5,24.5,,25.9,25.9,,26.6,26.6,,27.4,27.4,,30,30,,30.6,30.6
300,,20.9,20.9,,21.2,21.2,,21.4,21.4,,21.7,21.7,,22.4,22.4,,23.1,23.1,,24.4,24.4,,25.8,25.8,,26.4,26.4,,27.3,27.3,,29.9,29.9,,30.4,30.4
301,,20.8,20.8,,21,21,,21.3,21.3,,21.3,21.3,,22.2,22.2,,23,23,,24.3,24.3,,25.6,25.6,,26.3,26.3,,27.1,27.1,,29.7,29.7,,30.3,30.3
302,,20.7,20.7,,20.9,20.9,,21.2,21.2,,21,21,,22.1,22.1,,22.9,22.9,,24.1,24.1,,25.5,25.5,,26.1,26.1,,26.9,26.9,,29.4,29.4,,30.1,30.1
303,,20.5,20.5,,20.7,20.7,,21.1,21.1,,21.1,21.1,,21.9,21.9,,22.8,22.8,,23.9,23.9,,25.3,25.3,,26,26,,26.8,26.8,,29.2,29.2,,30.1,30.1
304,,20.4,20.4,,20.6,20.6,,21,21,,21.2,21.2,,21.7,21.7,,22.6,22.6,,23.7,23.7,,25.1,25.1,,25.9,25.9,,26.6,26.6,,29,29,,30,30
305,,20.2,20.2,,20.5,20.5,,20.8,20.8,,21,21,,21.6,21.6,,22.5,22.5,,23.7,23.7,,24.9,24.9,,25.7,25.7,,26.5,26.5,,29,29,,29.9,29.9
306,,20,20,,20.4,20.4,,20.6,20.6,,20.9,20.9,,21.4,21.4,,22.4,22.4,,23.7,23.7,,24.7,24.7,,25.6,25.6,,26.4,26.4,,29,29,,29.7,29.7
307,,20,20,,20.3,20.3,,20.6,20.6,,20.7,20.7,,21.3,21.3,,22.3,22.3,,23.5,23.5,,24.7,24.7,,25.5,25.5,,26.3,26.3,,28.8,28.8,,29.6,29.6
308,,19.9,19.9,,20.3,20.3,,20.6,20.6,,20.5,20.5,,21.3,21.3,,22.1,22.1,,23.3,23.3,,24.7,24.7,,25.3,25.3,,26.1,26.1,,28.7,28.7,,29.4,29.4
309,,19.7,19.7,,20.2,20.2,,20.4,20.4,,20.4,20.4,,21.2,21.2,,22,22,,23.3,23.3,,24.6,24.6,,25,25,,26,26,,28.6,28.6,,29.3,29.3
310,,19.6,19.6,,20.1,20.1,,20.2,20.2,,20.3,20.3,,21.1,21.1,,21.9,21.9,,23.1,23.1,,24.4,24.4,,24.8,24.8,,25.8,25.8,,28.5,28.5,,29.1,29.1
311,,19.6,19.6,,19.8,19.8,,20.1,20.1,,20.2,20.2,,21,21,,21.7,21.7,,23,23,,24.2,24.2,,24.8,24.8,,25.7,25.7,,28.3,28.3,,28.9,28.9
312,,19.6,19.6,,19.6,19.6,,19.9,19.9,,20.1,20.1,,20.8,20.8,,21.6,21.6,,22.8,22.8,,24,24,,24.7,24.7,,25.6,25.6,,28.1,28.1,,28.8,28.8
313,,19.5,19.5,,19.7,19.7,,19.8,19.8,,20,20,,20.7,20.7,,21.5,21.5,,22.7,22.7,,23.9,23.9,,24.6,24.6,,25.4,25.4,,27.9,27.9,,28.6,28.6
314,,19.3,19.3,,19.7,19.7,,19.7,19.7,,19.9,19.9,,20.6,20.6,,21.5,21.5,,22.6,22.6,,23.8,23.8,,24.5,24.5,,25.2,25.2,,27.7,27.7,,28.5,28.5
315,,19.2,19.2,,19.4,19.4,,19.6,19.6,,19.8,19.8,,20.4,20.4,,21.3,21.3,,22.4,22.4,,23.8,23.8,,24.4,24.4,,25.2,25.2,,27.5,27.5,,28.4,28.4
316,,19,19,,19.2,19.2,,19.4,19.4,,19.6,19.6,,20.2,20.2,,21.1,21.1,,22.3,22.3,,23.7,23.7,,24.2,24.2,,25.1,25.1,,27.4,27.4,,28.3,28.3
317,,18.8,18.8,,19.1,19.1,,19.3,19.3,,19.6,19.6,,20.2,20.2,,21,21,,22.3,22.3,,23.5,23.5,,24.1,24.1,,24.9,24.9,,27.3,27.3,,28.3,28.3
318,,18.7,18.7,,19.1,19.1,,19.1,19.1,,19.5,19.5,,20.3,20.3,,21,21,,22.2,22.2,,23.4,23.4,,23.9,23.9,,24.8,24.8,,27.2,27.2,,28.2,28.2
319,,18.5,18.5,,19.1,19.1,,19.1,19.1,,19.4,19.4,,20.2,20.2,,20.9,20.9,,22,22,,23.2,23.2,,23.8,23.8,,24.7,24.7,,27.1,27.1,,28,28
320,,18.4,18.4,,19,19,,19,19,,19.2,19.2,,20.1,20.1,,20.7,20.7,,21.8,21.8,,23.1,23.1,,23.7,23.7,,24.6,24.6,,27,27,,27.8,27.8
321,,18.4,18.4,,18.9,18.9,,18.9,18.9,,19.1,19.1,,20,20,,20.5,20.5,,21.7,21.7,,23,23,,23.6,23.6,,24.5,24.5,,26.9,26.9,,27.5,27.5
322,,18.4,18.4,,18.9,18.9,,18.7,18.7,,19,19,,19.9,19.9,,20.4,20.4,,21.6,21.6,,22.8,22.8,,23.5,23.5,,24.4,24.4,,26.7,26.7,,27.4,27.4
323,,18.3,18.3,,18.6,18.6,,18.6,18.6,,19,19,,19.8,19.8,,20.3,20.3,,21.4,21.4,,22.7,22.7,,23.4,23.4,,24.2,24.2,,26.5,26.5,,27.3,27.3
324,,18.2,18.2,,18.5,18.5,,18.5,18.5,,18.9,18.9,,19.6,19.6,,20.3,20.3,,21.3,21.3,,22.6,22.6,,23.2,23.2,,24,24,,26.4,26.4,,27.1,27.1
325,,18.1,18.1,,18.5,18.5,,18.4,18.4,,18.7,18.7,,19.4,19.4,,20.2,20.2,,21.2,21.2,,22.5,22.5,,23.1,23.1,,23.8,23.8,,26.3,26.3,,27,27
326,,17.9,17.9,,18.5,18.5,,18.4,18.4,,18.6,18.6,,19.2,19.2,,20,20,,21.1,21.1,,22.4,22.4,,23,23,,23.6,23.6,,26.2,26.2,,26.8,26.8
327,,17.8,17.8,,18.3,18.3,,18.1,18.1,,18.5,18.5,,19.1,19.1,,19.9,19.9,,20.9,20.9,,22.3,22.3,,22.9,22.9,,23.5,23.5,,26.1,26.1,,26.8,26.8
328,,17.7,17.7,,18.1,18.1,,18,18,,18.5,18.5,,19,19,,19.7,19.7,,20.8,20.8,,22.2,22.2,,22.7,22.7,,23.4,23.4,,25.9,25.9,,26.7,26.7
329,,17.6,17.6,,18,18,,18,18,,18.3,18.3,,18.9,18.9,,19.7,19.7,,20.7,20.7,,21.9,21.9,,22.7,22.7,,23.4,23.4,,25.8,25.8,,26.7,26.7
330,,17.5,17.5,,17.9,17.9,,17.9,17.9,,18.1,18.1,,18.8,18.8,,19.7,19.7,,20.6,20.6,,21.7,21.7,,22.6,22.6,,23.3,23.3,,25.8,25.8,,26.6,26.6
331,,17.5,17.5,,17.8,17.8,,17.9,17.9,,18.2,18.2,,18.8,18.8,,19.5,19.5,,20.6,20.6,,21.6,21.6,,22.3,22.3,,23.2,23.2,,25.7,25.7,,26.4,26.4
332,,17.5,17.5,,17.7,17.7,,17.8,17.8,,18.2,18.2,,18.7,18.7,,19.4,19.4,,20.5,20.5,,21.5,21.5,,22.1,22.1,,23.1,23.1,,25.7,25.7,,26.2,26.2
333,,17.4,17.4,,17.7,17.7,,17.8,17.8,,18.1,18.1,,18.6,18.6,,19.1,19.1,,20.3,20.3,,21.5,21.5,,22.1,22.1,,23,23,,25.5,25.5,,26.1,26.1
334,,17.3,17.3,,17.6,17.6,,17.8,17.8,,18.1,18.1,,18.5,18.5,,19,19,,20.2,20.2,,21.4,21.4,,22.1,22.1,,22.9,22.9,,25.3,25.3,,26,26
335,,17.1,17.1,,17.4,17.4,,17.6,17.6,,17.9,17.9,,18.4,18.4,,18.9,18.9,,20.1,20.1,,21.3,21.3,,22,22,,22.7,22.7,,25.1,25.1,,25.9,25.9
336,,16.9,16.9,,17.3,17.3,,17.4,17.4,,17.7,17.7,,18.3,18.3,,18.9,18.9,,20,20,,21.2,21.2,,21.9,21.9,,22.6,22.6,,25,25,,25.7,25.7
337,,16.9,16.9,,17.3,17.3,,17.2,17.2,,17.6,17.6,,18.2,18.2,,18.9,18.9,,19.9,19.9,,21,21,,21.8,21.8,,22.4,22.4,,24.9,24.9,,25.5,25.5
338,,16.9,16.9,,17.3,17.3,,17.1,17.1,,17.6,17.6,,18,18,,18.8,18.8,,19.8,19.8,,20.9,20.9,,21.6,21.6,,22.3,22.3,,24.8,24.8,,25.2,25.2
339,,16.7,16.7,,17.1,17.1,,17,17,,17.5,17.5,,17.9,17.9,,18.7,18.7,,19.7,19.7,,20.8,20.8,,21.6,21.6,,22.2,22.2,,24.7,24.7,,25.3,25.3
340,,16.6,16.6,,17,17,,17,17,,17.4,17.4,,17.8,17.8,,18.6,18.6,,19.6,19.6,,20.7,20.7,,21.5,21.5,,22.1,22.1,,24.5,24.5,,25.3,25.3
341,,16.5,16.5,,16.8,16.8,,16.8,16.8,,17.2,17.2,,17.7,17.7,,18.5,18.5,,19.5,19.5,,20.6,20.6,,21.3,21.3,,22,22,,24.3,24.3,,25.2,25.2
342,,16.5,16.5,,16.7,16.7,,16.6,16.6,,17.1,17.1,,17.6,17.6,,18.5,18.5,,19.4,19.4,,20.4,20.4,,21.1,21.1,,21.9,21.9,,24.2,24.2,,25.1,25.1
343,,16.4,16.4,,16.7,16.7,,16.6,16.6,,17,17,,17.6,17.6,,18.3,18.3,,19.3,19.3,,20.3,20.3,,21.1,21.1,,21.9,21.9,,24.1,24.1,,24.9,24.9
344,,16.4,16.4,,16.6,16.6,,16.6,16.6,,17,17,,17.6,17.6,,18.1,18.1,,19.2,19.2,,20.2,20.2,,21,21,,21.9,21.9,,24.1,24.1,,24.8,24.8
345,,16.3,16.3,,16.6,16.6,,16.4,16.4,,16.9,16.9,,17.5,17.5,,18,18,,19.1,19.1,,20.1,20.1,,20.8,20.8,,21.7,21.7,,23.9,23.9,,24.6,24.6
346,,16.3,16.3,,16.5,16.5,,16.3,16.3,,16.8,16.8,,17.3,17.3,,17.9,17.9,,19,19,,19.9,19.9,,20.6,20.6,,21.4,21.4,,23.8,23.8,,24.4,24.4
347,,16.1,16.1,,16.3,16.3,,16.3,16.3,,16.6,16.6,,17.2,17.2,,17.8,17.8,,18.9,18.9,,19.9,19.9,,20.6,20.6,,21.4,21.4,,23.6,23.6,,24.4,24.4
348,,15.9,15.9,,16.2,16.2,,16.2,16.2,,16.4,16.4,,17,17,,17.7,17.7,,18.8,18.8,,19.8,19.8,,20.6,20.6,,21.3,21.3,,23.5,23.5,,24.3,24.3
349,,15.9,15.9,,16.2,16.2,,16.1,16.1,,16.3,16.3,,16.9,16.9,,17.7,17.7,,18.7,18.7,,19.8,19.8,,20.5,20.5,,21.2,21.2,,23.3,23.3,,24.2,24.2
