0,1,2,3,4,5,6,7,8,9,10,11,12,13,14,15,16,17,18,19,20,21,22,23,24,25,26,27,28,29,30,31,32
Scan Type:,Crossline,Crossline,Crossline,Crossline,Crossline,Crossline,Crossline,Crossline,Crossline,Crossline,Crossline,Crossline,Crossline,Crossline,Crossline,Crossline,Crossline,Crossline,Crossline,Crossline,Crossline,Crossline,Crossline,Crossline,Crossline,Inline,Inline,Inline,Inline,Inline,Inline,Inline
Radiation Type:,Photons,Photons,Photons,Photons,Photons,Photons,Photons,Photons,Photons,Photons,Photons,Photons,Photons,Photons,Photons,Photons,Photons,Photons,Photons,Photons,Photons,Photons,Photons,Photons,Photons,Photons,Photons,Photons,Photons,Photons,Photons,Photons
Energy:,6 MV,6 MV,6 MV,6 MV,6 MV,6 MV,6 MV,6 MV,6 MV,6 MV,6 MV,6 MV,6 MV,6 MV,6 MV,6 MV,6 MV,6 MV,6 MV,6 MV,6 MV,6 MV,6 MV,6 MV,6 MV,6 MV,6 MV,6 MV,6 MV,6 MV,6 MV,6 MV
Fieldsize:,40 x 40 mm,40 x 40 mm,40 x 40 mm,40 x 40 mm,40 x 40 mm,70 x 70 mm,70 x 70 mm,70 x 70 mm,70 x 70 mm,70 x 70 mm,100 x 100 mm,100 x 100 mm,100 x 100 mm,100 x 100 mm,100 x 100 mm,200 x 200 mm,200 x 200 mm,200 x 200 mm,200 x 200 mm,200 x 200 mm,300 x 300 mm,300 x 300 mm,300 x 300 mm,300 x 300 mm,300 x 300 mm,40 x 40 mm,40 x 40 mm,70 x 70 mm,70 x 70 mm,100 x 100 mm,200 x 200 mm,300 x 300 mm
Depth:,15.0 mm,50.0 mm,100.0 mm,200.0 mm,300.0 mm,15.0 mm,50.0 mm,100.0 mm,200.0 mm,300.0 mm,15.0 mm,50.0 mm,100.0 mm,200.0 mm,300.0 mm,15.0 mm,50.0 mm,100.0 mm,200.0 mm,300.0 mm,15.0 mm,50.0 mm,100.0 mm,200.0 mm,300.0 mm,15.0 mm,50.0 mm,15.0 mm,50.0 mm,15.0 mm,15.0 mm,15.0 mm
,Color [Blue],Color [MediumVioletRed],Color [DeepPink],Color [DarkOrchid],Color [DarkBlue],Color [Gold],Color [Teal],Color [DarkCyan],Color [DarkMagenta],Color [DarkGoldenrod],Color [CornflowerBlue],Color [MediumVioletRed],Color [SlateBlue],Color [Teal],Color [Orange],Color [DarkOrange],Color [Gold],Color [ForestGreen],Color [Blue],Color [DeepPink],Color [DarkTurquoise],Color [Brown],Color [CornflowerBlue],Color [DarkOliveGreen],Color [DarkOrange],Color [ForestGreen],Color [SlateBlue],Color [Brown],Color [Orange],Color [DarkOliveGreen],Color [DarkRed],Color [DarkGreen]
Coordinate [mm]:,,,,,,,,,,,,,,,,,,,,,,,,,,,,,,,,
-241,,,,,,,,,,,,,,,,,,,,,,,,,5.2,,,,,,,
-240,,,,,,,,,,,,,,,,,,,,,,,,,5.3,,,,,,,
-239,,,,,,,,,,,,,,,,,,,,,,,,,5.3,,,,,,,
-238,,,,,,,,,,,,,,,,,,,,,,,,,5.4,,,,,,,
-237,,,,,,,,,,,,,,,,,,,,,,,,,5.5,,,,,,,
-236,,,,,,,,,,,,,,,,,,,,,,,,,5.6,,,,,,,
-235,,,,,,,,,,,,,,,,,,,,,,,,,5.7,,,,,,,
-234,,,,,,,,,,,,,,,,,,,,,,,,,5.8,,,,,,,
-233,,,,,,,,,,,,,,,,,,,,,,,,,5.8,,,,,,,
-232,,,,,,,,,,,,,,,,,,,,,,,,,5.9,,,,,,,
-231,,,,,,,,,,,,,,,,,,,,,,,,,6,,,,,,,
-230,,,,,,,,,,,,,,,,,,,,,,,,6.4,6.1,,,,,,,
-229,,,,,,,,,,,,,,,,,,,,,,,,6.5,6.2,,,,,,,
-228,,,,,,,,,,,,,,,,,,,,,,,,6.6,6.3,,,,,,,
-227,,,,,,,,,,,,,,,,,,,,,,,,6.7,6.4,,,,,,,
-226,,,,,,,,,,,,,,,,,,,,,,,,6.8,6.4,,,,,,,
-225,,,,,,,,,,,,,,,,,,,,,,,,6.9,6.5,,,,,,,
-224,,,,,,,,,,,,,,,,,,,,,,,,7,6.6,,,,,,,
-223,,,,,,,,,,,,,,,,,,,,,,,,7.1,6.7,,,,,,,
-222,,,,,,,,,,,,,,,,,,,,,,,,7.2,6.8,,,,,,,
-221,,,,,,,,,,,,,,,,,,,,,,,,7.4,6.9,,,,,,,
-220,,,,,,,,,,,,,,,,,,,,,,,,7.5,7,,,,,,,
-219,,,,,,,,,,,,,,,,,,,,,,,,7.6,7.1,,,,,,,
-218,,,,,,,,,,,,,,,,,,,,,,,,7.7,7.2,,,,,,,
-217,,,,,,,,,,,,,,,,,,,,,,,,7.8,7.3,,,,,,,
-216,,,,,,,,,,,,,,,,,,,,,,,,7.9,7.4,,,,,,,
-215,,,,,,,,,,,,,,,,,,,,,,,6.8,8.1,7.5,,,,,,,
-214,,,,,,,,,,,,,,,,,,,,,,,6.9,8.2,7.6,,,,,,,
-213,,,,,,,,,,,,,,,,,,,,,,,7,8.4,7.7,,,,,,,
-212,,,,,,,,,,,,,,,,,,,,,,,7.1,8.5,7.9,,,,,,,
-211,,,,,,,,,,,,,,,,,,,,,,,7.3,8.6,8,,,,,,,
-210,,,,,,,,,,,,,,,,,,,,,,,7.4,8.8,8.1,,,,,,,
-209,,,,,,,,,,,,,,,,,,,,,,,7.5,8.9,8.2,,,,,,,
-208,,,,,,,,,,,,,,,,,,,,,,,7.7,9.1,8.4,,,,,,,
-207,,,,,,,,,,,,,,,,,,,,,,6.3,7.8,9.2,8.5,,,,,,,
-206,,,,,,,,,,,,,,,,,,,,,,6.4,7.9,9.4,8.7,,,,,,,
-205,,,,,,,,,,,,,,,,,,,,,,6.5,8.1,9.5,8.8,,,,,,,
-204,,,,,,,,,,,,,,,,,,,,,,6.6,8.2,9.7,9,,,,,,,
-203,,,,,,,,,,,,,,,,,,,,,,6.7,8.4,9.9,9.3,,,,,,,
-202,,,,,,,,,,,,,,,,,,,,,4.2,6.8,8.6,10,9.6,,,,,,,7
-201,,,,,,,,,,,,,,,,,,,,,4.2,6.9,8.8,10.2,9.9,,,,,,,7.1
-200,,,,,,,,,,,,,,,,,,,,,4.3,7.1,8.9,10.4,10.6,,,,,,,7.2
-199,,,,,,,,,,,,,,,,,,,,,4.4,7.2,9.1,10.5,11.3,,,,,,,7.3
-198,,,,,,,,,,,,,,,,,,,,,4.4,7.3,9.3,10.7,12.7,,,,,,,7.4
-197,,,,,,,,,,,,,,,,,,,,,4.5,7.5,9.4,10.9,14.1,,,,,,,7.6
-196,,,,,,,,,,,,,,,,,,,,,4.6,7.6,9.6,11.1,16,,,,,,,7.7
-195,,,,,,,,,,,,,,,,,,,,,4.7,7.8,9.8,11.3,18.2,,,,,,,7.8
-194,,,,,,,,,,,,,,,,,,,,,4.8,7.9,10,11.5,20.3,,,,,,,7.9
-193,,,,,,,,,,,,,,,,,,,,,4.9,8.1,10.2,11.7,22.4,,,,,,,8
-192,,,,,,,,,,,,,,,,,,,,,5,8.2,10.4,12,24.1,,,,,,,8.2
-191,,,,,,,,,,,,,,,,,,,,,5.1,8.4,10.6,12.2,25.6,,,,,,,8.3
-190,,,,,,,,,,,,,,,,,,,,,5.2,8.6,10.9,12.5,26.4,,,,,,,8.5
-189,,,,,,,,,,,,,,,,,,,,,5.3,8.8,11.1,12.8,27.3,,,,,,,8.6
-188,,,,,,,,,,,,,,,,,,,,,5.4,9,11.3,13.2,27.7,,,,,,,8.8
-187,,,,,,,,,,,,,,,,,,,,,5.5,9.1,11.6,13.8,28.1,,,,,,,8.9
-186,,,,,,,,,,,,,,,,,,,,,5.6,9.3,11.8,14.4,28.3,,,,,,,9.1
-185,,,,,,,,,,,,,,,,,,,,,5.7,9.5,12.1,15.5,28.6,,,,,,,9.2
-184,,,,,,,,,,,,,,,,,,,,,5.8,9.7,12.3,16.7,28.8,,,,,,,9.4
-183,,,,,,,,,,,,,,,,,,,,,5.9,9.9,12.6,18.7,28.9,,,,,,,9.5
-182,,,,,,,,,,,,,,,,,,,,,6,10.1,12.9,21.8,29.1,,,,,,,9.7
-181,,,,,,,,,,,,,,,,,,,,,6.2,10.4,13.2,25.4,29.3,,,,,,,9.9
-180,,,,,,,,,,,,,,,,,,,,3.9,6.3,10.6,13.5,29.5,29.4,,,,,,,10
-179,,,,,,,,,,,,,,,,,,,,4,6.5,10.9,13.8,33.9,29.5,,,,,,,10.2
-178,,,,,,,,,,,,,,,,,,,,4.1,6.6,11.1,14.1,37.9,29.7,,,,,,,10.3
-177,,,,,,,,,,,,,,,,,,,,4.1,6.7,11.4,14.5,41.4,29.8,,,,,,,10.5
-176,,,,,,,,,,,,,,,,,,,,4.2,6.9,11.6,14.9,44.2,29.9,,,,,,,10.7
-175,,,,,,,,,,,,,,,,,,,,4.2,7,11.9,15.3,45.7,30,,,,,,,10.8
-174,,,,,,,,,,,,,,,,,,,,4.3,7.2,12.2,15.9,47.2,30.2,,,,,,,11
-173,,,,,,,,,,,,,,,,,,,,4.3,7.3,12.5,16.6,47.9,30.3,,,,,,,11.2
-172,,,,,,,,,,,,,,,,,,,,4.4,7.5,12.8,17.5,48.6,30.4,,,,,,,11.4
-171,,,,,,,,,,,,,,,,,,,,4.5,7.7,13.2,18.4,49,30.5,,,,,,,11.6
-170,,,,,,,,,,,,,,,,,,,5,4.5,7.8,13.6,19.9,49.4,30.6,,,,,,,11.8
-169,,,,,,,,,,,,,,,,,,,5.1,4.6,8,14,22.5,49.6,30.7,,,,,,,12
-168,,,,,,,,,,,,,,,,,,,5.2,4.7,8.2,14.4,26.4,49.9,30.8,,,,,,,12.2
-167,,,,,,,,,,,,,,,,,,,5.2,4.7,8.4,15,32.6,50.2,30.9,,,,,,,12.4
-166,,,,,,,,,,,,,,,,,,,5.3,4.8,8.6,15.7,40.1,50.5,31,,,,,,,12.7
-165,,,,,,,,,,,,,,,,,,,5.4,4.9,8.8,16.5,48.4,50.7,31.1,,,,,,,13
-164,,,,,,,,,,,,,,,,,,,5.5,5,9.1,17.7,57,50.9,31.2,,,,,,,13.3
-163,,,,,,,,,,,,,,,,,,,5.6,5.1,9.4,19.2,65,51.1,31.3,,,,,,,13.7
-162,,,,,,,,,,,,,,,,,,,5.7,5.2,9.7,21.8,72,51.3,31.4,,,,,,,14.2
-161,,,,,,,,,,,,,,,,,,,5.8,5.2,10.2,26,77.4,51.5,31.5,,,,,,,14.8
-160,,,,,,,,,,,,,,,,,,5.1,5.9,5.3,10.7,33.4,80.8,51.6,31.5,,,,,,,15.5
-159,,,,,,,,,,,,,,,,,,5.2,6,5.4,11.6,43.3,82.8,51.8,31.6,,,,,,,16.9
-158,,,,,,,,,,,,,,,,,,5.2,6.1,5.4,12.6,54.9,83.9,52,31.7,,,,,,,18.5
-157,,,,,,,,,,,,,,,,,,5.4,6.2,5.5,14.7,67.2,84.9,52.1,31.8,,,,,,,21.9
-156,,,,,,,,,,,,,,,,,,5.5,6.3,5.6,18,79.2,85.6,52.3,31.8,,,,,,,26.9
-155,,,,,,,,,,,,,,,,,4.4,5.6,6.4,5.7,24.6,90.2,86.2,52.4,31.9,,,,,,,35
-154,,,,,,,,,,,,,,,,,4.5,5.7,6.5,5.8,33.8,99,86.6,52.6,32,,,,,,,45.2
-153,,,,,,,,,,,,,,,,,4.6,5.8,6.7,5.9,45,105.1,87.1,52.7,32.1,,,,,,,58.4
-152,,,,,,,,,,,,,,,,,4.7,5.9,6.8,6,56.8,108.4,87.4,52.9,32.2,,,,,,,73.2
-151,,,,,,,,,,,,,,,,3,4.8,6,6.9,6.1,68.6,110.3,87.8,53,32.2,,,,,,5.2,88.9
-150,,,,,,,,,,,,,,,,3.1,4.9,6.2,7,6.2,79.6,111.5,88.1,53.2,32.3,,,,,,5.3,104.8
-149,,,,,,,,,,,,,,,,3.1,5,6.3,7.1,6.3,88.3,112.5,88.3,53.3,32.5,,,,,,5.4,117.6
-148,,,,,,,,,,,,,,,,3.2,5.1,6.4,7.3,6.4,94.6,113.2,88.6,53.5,32.5,,,,,,5.5,128.5
-147,,,,,,,,,,,,,,,,3.3,5.2,6.6,7.4,6.5,97.6,113.7,88.9,53.6,32.6,,,,,,5.6,133.9
-146,,,,,,,,,,,,,,,,3.3,5.3,6.7,7.5,6.6,99.3,114.1,89.1,53.7,32.6,,,,,,5.6,137.3
-145,,,,,,,,,,,,,,,,3.4,5.4,6.9,7.7,6.7,100.2,114.5,89.3,53.8,32.7,,,,,,5.7,138.8
-144,,,,,,,,,,,,,,,,3.4,5.5,7,7.9,6.8,101,114.9,89.5,54,32.8,,,,,,5.8,140.2
-143,,,,,,,,,,,,,,,,3.5,5.6,7.2,8,7,101.4,115.1,89.8,54.1,32.8,,,,,,6,140.8
-142,,,,,,,,,,,,,,,,3.6,5.8,7.3,8.2,7.1,101.7,115.3,90,54.2,32.9,,,,,,6.1,141.4
-141,,,,,,,,,,,,,,,,3.7,5.9,7.5,8.3,7.3,101.9,115.5,90.2,54.3,33,,,,,,6.2,141.7
-140,,,,,,,,,,,,,,,,3.7,6,7.6,8.5,7.5,102.2,115.8,90.3,54.5,33,,,,,,6.3,142.1
-139,,,,,,,,,,,,,,,,3.8,6.2,7.8,8.6,7.6,102.2,116,90.5,54.6,33.1,,,,,,6.4,142.3
-138,,,,,,,,,,,,,,,,3.9,6.3,8,8.8,7.8,102.3,116.1,90.7,54.7,33.1,,,,,,6.6,142.5
-137,,,,,,,,,,,,,,,,4,6.5,8.2,9,8.2,102.4,116.3,90.8,54.8,33.2,,,,,,6.7,142.6
-136,,,,,,,,,,,,,,,,4.1,6.6,8.3,9.2,8.6,102.5,116.4,90.9,54.9,33.3,,,,,,6.9,142.8
-135,,,,,,,,,,,,,,,,4.2,6.8,8.5,9.4,9.2,102.6,116.6,91.1,55,33.3,,,,,,7,142.9
-134,,,,,,,,,,,,,,,,4.3,6.9,8.8,9.6,9.9,102.7,116.7,91.3,55.1,33.4,,,,,,7.1,142.9
-133,,,,,,,,,,,,,,,,4.4,7.1,9,9.8,11,102.7,116.8,91.4,55.2,33.5,,,,,,7.3,143.1
-132,,,,,,,,,,,,,,,,4.5,7.3,9.2,10,12.7,102.8,116.9,91.5,55.3,33.6,,,,,,7.4,143.2
-131,,,,,,,,,,,,,,,,4.6,7.5,9.4,10.3,14.6,102.8,117.1,91.6,55.4,33.6,,,,,,7.6,143.3
-130,,,,,,,,,,,,,,,,4.7,7.7,9.7,10.6,16.8,102.8,117.2,91.7,55.4,33.6,,,,,,7.7,143.3
-129,,,,,,,,,,,,,,,,4.8,7.9,9.9,10.9,19.1,102.8,117.3,91.8,55.6,33.6,,,,,,7.8,143.4
-128,,,,,,,,,,,,,,,,5,8.1,10.2,11.2,21.2,102.9,117.4,92,55.7,33.7,,,,,,8,143.4
-127,,,,,,,,,,,,,,,,5.1,8.3,10.4,11.8,23.1,102.9,117.5,92.1,55.8,33.8,,,,,,8.2,143.5
-126,,,,,,,,,,,,,,,,5.2,8.5,10.7,12.4,24.6,102.9,117.5,92.2,55.9,33.8,,,,,,8.3,143.5
-125,,,,,,,,,,,,,,,,5.4,8.7,11,13.5,25.5,103,117.6,92.3,55.9,33.8,,,,,,8.5,143.5
-124,,,,,,,,,,,,,,,,5.5,9,11.3,14.8,26.3,103,117.7,92.4,56,33.8,,,,,,8.7,143.6
-123,,,,,,,,,,,,,,,,5.7,9.3,11.7,16.8,26.7,103,117.8,92.6,56.1,33.9,,,,,,8.9,143.6
-122,,,,,,,,,,,,,,,,5.8,9.5,12,19.9,27.1,103,117.8,92.7,56.2,34,,,,,,9,143.7
-121,,,,,,,,,,,,,,,,6,9.8,12.4,23.7,27.4,103,117.9,92.7,56.2,34.1,,,,,,9.2,143.7
-120,,,,,,,,,,,,,,,,6.1,10.1,12.9,27.9,27.6,103.1,118,92.8,56.3,34.1,,,,,,9.4,143.7
-119,,,,,,,,,,,,,,,,6.3,10.4,13.4,32.1,27.8,103.1,118,92.9,56.3,34.1,,,,,,9.5,143.8
-118,,,,,,,,,,,,,,,,6.5,10.8,14,36.2,28,103.1,118.1,93,56.4,34.2,,,,,,9.7,143.8
-117,,,,,,,,,,,,,,,,6.6,11.1,14.8,39.7,28.1,103.1,118.1,93,56.5,34.3,,,,,,10,143.9
-116,,,,,,,,,,,,,,,,6.8,11.6,15.7,42.4,28.3,103.1,118.1,93.1,56.6,34.3,,,,,,10.2,143.9
-115,,,,,,,,,,,,,,,2.1,7,12,17.2,44,28.4,103.1,118.2,93.2,56.6,34.4,,,,,,10.4,143.9
-114,,,,,,,,,,,,,,,2.2,7.3,12.7,19.7,45.5,28.5,103.1,118.3,93.3,56.7,34.4,,,,,,10.7,143.9
-113,,,,,,,,,,,,,,,2.2,7.5,13.3,23.4,46.2,28.7,103.1,118.3,93.4,56.8,34.4,,,,,,11,143.9
-112,,,,,,,,,,,,,,,2.3,7.8,14.4,29.4,46.9,28.8,103.1,118.3,93.4,56.8,34.5,,,,,,11.4,143.9
-111,,,,,,,,,,,,,,,2.3,8.2,15.5,36.8,47.3,28.9,103.1,118.3,93.5,56.9,34.6,,,,,,11.8,143.9
-110,,,,,,,,,,,,,,2.6,2.3,8.7,17.3,45.1,47.7,29,103.2,118.4,93.5,57,34.6,,,,,,12.5,143.9
-109,,,,,,,,,,,,,,2.7,2.3,9.3,20.6,53.6,48,29.1,103.2,118.4,93.6,57,34.6,,,,,,13.4,143.9
-108,,,,,,,,,,,,,,2.7,2.4,10.2,25.8,61.6,48.2,29.2,103.2,118.5,93.7,57.1,34.7,,,,,,14.7,143.9
-107,,,,,,,,,,,,,,2.8,2.4,11.3,34.4,68.7,48.5,29.3,103.1,118.5,93.7,57.2,34.7,,,,,,16.5,143.8
-106,,,,,,,,,,,,,,2.9,2.5,13.7,45,74.1,48.7,29.4,103.1,118.6,93.8,57.3,34.8,,,,,,20.1,143.8
-105,,,,,,,,,,,,,2.6,2.9,2.5,17.3,56.9,77.6,48.9,29.5,103.1,118.6,93.8,57.3,34.9,,,,,,25.1,143.8
-104,,,,,,,,,,,,,2.7,3,2.6,24.3,68.9,79.6,49.1,29.6,103.1,118.6,93.9,57.4,34.9,,,,,,33.8,143.9
-103,,,,,,,,,,,,,2.7,3,2.6,33.7,80.2,80.7,49.3,29.7,103.1,118.6,94,57.4,34.9,,,,,,44,143.9
-102,,,,,,,,,,,,2.3,2.8,3.1,2.7,44.9,90.3,81.8,49.5,29.7,103.1,118.6,94,57.5,34.9,,,,,,57.5,143.8
-101,,,,,,,,,,,,2.3,2.9,3.1,2.7,56.7,97.8,82.5,49.7,29.8,103.1,118.6,94,57.5,35,,,,,,72.4,143.8
-100,,,,,,,,,,,1.6,2.4,2.9,3.2,2.8,68.4,102.4,83.1,49.9,29.9,103.1,118.6,94.1,57.5,35,,,,,2.7,88.1,143.8
-99,,,,,,,,,,,1.6,2.4,3,3.3,2.8,79.1,104.9,83.6,50,30,103.1,118.7,94.2,57.6,35.1,,,,,2.7,103.2,143.7
-98,,,,,,,,,,,1.6,2.5,3.1,3.4,2.9,87.6,106.3,84,50.2,30.1,103,118.7,94.2,57.7,35.1,,,,,2.8,115.1,143.6
-97,,,,,,,,,,,1.7,2.5,3.2,3.4,2.9,93.4,107.5,84.3,50.3,30.2,103,118.7,94.2,57.7,35.1,,,,,2.9,124.6,143.6
-96,,,,,,,,,,,1.7,2.6,3.3,3.5,3,96.2,108.3,84.6,50.5,30.2,103,118.7,94.3,57.8,35.2,,,,,2.9,129.1,143.6
-95,,,,,,,,,,1.5,1.8,2.6,3.3,3.6,3,97.8,109,84.9,50.6,30.3,103,118.7,94.3,57.8,35.2,,,,,3,132.1,143.6
-94,,,,,,,,,,1.5,1.8,2.7,3.4,3.7,3.1,98.7,109.5,85.2,50.8,30.4,103,118.8,94.4,57.8,35.2,,,,,3.1,133.5,143.6
-93,,,,,,,,,,1.5,1.9,2.8,3.5,3.8,3.2,99.5,110,85.5,50.9,30.5,103,118.8,94.5,57.9,35.2,,,,,3.2,134.7,143.6
-92,,,,,,,,,1.8,1.5,1.9,2.9,3.6,3.9,3.2,99.9,110.4,85.8,51.1,30.6,103,118.7,94.5,58,35.3,,,,,3.2,135.3,143.6
-91,,,,,,,,,1.8,1.6,1.9,2.9,3.7,3.9,3.3,100.3,110.7,86,51.2,30.6,103,118.7,94.5,58,35.3,,,,,3.3,135.8,143.6
-90,,,,,,,,,1.9,1.6,2,3,3.8,4,3.3,100.5,110.9,86.3,51.3,30.7,103,118.8,94.5,58,35.3,,,,,3.4,136.2,143.6
-89,,,,,,,,,1.9,1.6,2,3.1,3.9,4.1,3.4,100.7,111.1,86.4,51.4,30.8,103,118.8,94.5,58,35.3,,,,,3.5,136.5,143.5
-88,,,,,,,,1.8,1.9,1.6,2.1,3.2,4,4.2,3.5,100.9,111.4,86.6,51.6,30.8,103,118.8,94.6,58.1,35.4,,,,,3.6,136.7,143.5
-87,,,,,,,,1.8,2,1.7,2.1,3.3,4.1,4.4,3.6,101,111.6,86.8,51.7,30.9,103,118.8,94.7,58.2,35.4,,,,,3.6,136.9,143.5
-86,,,,,,,1.5,1.9,2,1.7,2.2,3.3,4.2,4.5,3.6,101.2,111.8,87,51.8,31,102.9,118.8,94.7,58.2,35.4,,,,451,3.7,137.1,143.5
-85,,,,,,1.1,1.5,1.9,2.1,1.8,2.2,3.4,4.3,4.6,3.7,101.3,112,87.2,51.9,31,102.9,118.8,94.7,58.2,35.5,,,1.9,462.9,3.8,137.2,143.5
-84,,,,,,1.1,1.6,2,2.1,1.8,2.3,3.5,4.5,4.7,3.8,101.3,112.1,87.3,52,31.1,102.8,118.8,94.7,58.3,35.5,,,1.9,468.7,3.9,137.3,143.4
-83,,,,,,1.2,1.6,2,2.2,1.8,2.4,3.6,4.6,4.8,3.9,101.4,112.2,87.5,52.1,31.1,102.9,118.8,94.8,58.3,35.5,,,2,478.5,4,137.4,143.4
-82,,,,,,1.2,1.7,2.1,2.2,1.8,2.4,3.8,4.7,4.9,3.9,101.5,112.4,87.6,52.2,31.2,102.9,118.8,94.8,58.4,35.6,,,2,498.6,4.1,137.5,143.4
-81,,,,,,1.2,1.7,2.1,2.3,1.9,2.5,3.9,4.9,5,4,101.6,112.6,87.7,52.3,31.2,102.9,118.9,94.8,58.4,35.6,,,2,504.6,4.2,137.6,143.5
-80,,,,,,1.2,1.8,2.2,2.3,1.9,2.6,4,5,5.1,4.1,101.6,112.7,87.9,52.4,31.3,102.9,118.9,94.8,58.5,35.6,,,2.1,516.9,4.4,137.7,143.5
-79,,,,,,1.2,1.8,2.3,2.4,1.9,2.7,4.1,5.2,5.2,4.2,101.7,112.8,88,52.5,31.3,102.9,118.9,94.8,58.5,35.7,,,2.1,531.3,4.5,137.8,143.4
-78,,,,,,1.3,1.8,2.3,2.4,2,2.7,4.3,5.3,5.4,4.3,101.7,112.9,88.1,52.6,31.4,102.8,118.8,94.9,58.5,35.7,,,2.2,546,4.6,137.9,143.4
-77,,,,,,1.3,1.9,2.4,2.5,2,2.8,4.4,5.5,5.5,4.4,101.7,113,88.3,52.7,31.4,102.8,118.8,94.9,58.5,35.7,,,2.2,561.2,4.7,138,143.4
-76,,,,,0.7,1.3,2,2.4,2.6,2.1,2.9,4.6,5.7,5.7,4.5,101.8,113.1,88.4,52.7,31.5,102.8,118.8,94.9,58.6,35.7,,,2.3,575,4.9,138.1,143.3
-75,,,,,0.7,1.4,2,2.5,2.6,2.1,3,4.7,5.9,5.8,4.7,101.8,113.2,88.5,52.8,31.6,102.8,118.9,94.9,58.6,35.8,,,2.4,591.4,5,138.1,143.3
-74,,,,0.9,0.7,1.4,2.1,2.6,2.7,2.2,3.1,4.9,6.1,6,4.9,101.9,113.3,88.6,52.8,31.6,102.7,118.8,94.9,58.6,35.8,,,2.4,605.5,5.1,138.1,143.2
-73,,,,0.9,0.8,1.4,2.1,2.6,2.7,2.2,3.2,5.1,6.3,6.2,5,101.9,113.3,88.7,52.9,31.7,102.7,118.8,94.9,58.7,35.8,,,2.5,625.9,5.2,138.1,143.2
-72,,,1.4,0.9,0.8,1.5,2.2,2.7,2.8,2.3,3.3,5.3,6.5,6.4,5.3,101.9,113.4,88.8,53.1,31.7,102.7,118.7,94.9,58.7,35.8,,,2.6,643.2,5.4,138.2,143.2
-71,,0.9,1.4,1,0.8,1.5,2.2,2.8,2.9,2.3,3.4,5.5,6.7,6.6,5.6,102,113.5,88.8,53.2,31.8,102.7,118.7,94.9,58.7,35.9,,236.8,2.7,664.3,5.5,138.2,143.2
-70,0.6,0.9,1.4,1,0.8,1.6,2.3,2.9,3,2.4,3.6,5.7,7,6.8,6.2,101.9,113.5,88.9,53.3,31.8,102.6,118.8,94.9,58.7,35.9,1,244.3,2.8,686,5.7,138.2,143.2
-69,0.6,0.9,1.5,1,0.8,1.6,2.4,3,3,2.4,3.7,5.9,7.2,7.1,6.9,101.9,113.5,89,53.3,31.9,102.6,118.8,94.9,58.7,35.9,1,250.5,2.8,701.7,5.9,138.3,143.1
-68,0.7,0.9,1.5,1,0.8,1.7,2.5,3.1,3.1,2.5,3.8,6.1,7.5,7.4,8.2,101.9,113.5,89.1,53.4,31.9,102.5,118.7,94.9,58.8,35.9,1,255,2.9,723.3,6,138.3,143.1
-67,0.7,1,1.5,1,0.9,1.7,2.6,3.2,3.2,2.6,4,6.4,7.8,7.9,9.6,102,113.6,89.2,53.4,31.9,102.5,118.7,95,58.8,35.9,1.1,262.4,3,750.1,6.1,138.4,143
-66,0.7,1,1.6,1.1,0.9,1.7,2.6,3.3,3.3,2.6,4.1,6.7,8.2,8.4,11.5,102,113.6,89.3,53.5,32,102.5,118.7,95,58.9,35.9,1.1,271.2,3.1,771.1,6.3,138.3,143
-65,0.7,1,1.6,1.1,0.9,1.8,2.7,3.4,3.4,2.7,4.3,7,8.5,9.5,13.8,102,113.6,89.4,53.5,32,102.5,118.7,95,58.9,36,1.1,280.6,3.2,798.5,6.5,138.3,142.9
-64,0.7,1,1.6,1.1,0.9,1.8,2.8,3.5,3.5,2.7,4.5,7.3,9,10.7,16.1,102,113.7,89.4,53.6,32,102.5,118.7,95,58.9,36,1.1,283.8,3.2,818.9,6.8,138.4,142.9
-63,0.7,1,1.7,1.1,0.9,1.9,2.9,3.7,3.6,2.8,4.7,7.7,9.5,12.6,18.2,102,113.8,89.4,53.7,32.1,102.5,118.7,95,58.9,36,1.2,288.3,3.3,844.6,7,138.4,142.9
-62,0.7,1.1,1.8,1.2,1,2,3,3.8,3.7,2.9,5,8.2,10.4,15.7,20.1,102,113.8,89.5,53.7,32.2,102.4,118.7,95.1,58.9,36,1.2,295.2,3.4,870.4,7.3,138.3,142.9
-61,0.7,1.1,1.8,1.2,1,2.1,3.2,4,3.8,3,5.2,8.9,11.3,19.3,21.7,102,113.8,89.5,53.8,32.2,102.4,118.7,95.1,58.9,36.1,1.2,302.2,3.6,901.8,7.7,138.3,142.8
-60,0.8,1.1,1.8,1.2,1,2.2,3.3,4.1,3.9,3,5.6,9.6,12.7,23.6,22.6,102,113.9,89.6,53.8,32.2,102.5,118.7,95.1,59,36.1,1.2,310.6,3.7,934.5,8.2,138.3,142.8
-59,0.8,1.2,1.9,1.3,1,2.2,3.4,4.2,4,3.1,6.1,10.7,15.1,27.8,23.4,102,113.9,89.7,53.9,32.2,102.4,118.6,95.1,59,36,1.3,325.1,3.8,967.5,8.8,138.3,142.7
-58,0.8,1.2,1.9,1.3,1,2.3,3.6,4.4,4.2,3.2,6.9,12,18.7,31.8,23.8,102,113.9,89.7,54,32.2,102.4,118.6,95.1,59,36.1,1.3,336.6,3.9,998.6,9.9,138.3,142.7
-57,0.8,1.2,2,1.3,1,2.4,3.7,4.6,4.3,3.3,7.7,14.6,24.5,35.3,24.2,102,113.9,89.7,54,32.2,102.3,118.6,95.1,59,36.1,1.4,346.7,4,1035.2,11.3,138.3,142.6
-56,0.8,1.3,2.1,1.4,1.1,2.5,3.8,4.8,4.4,3.4,9,18.3,31.6,38.1,24.4,101.9,113.9,89.8,54,32.3,102.3,118.6,95,59,36.1,1.4,358.4,4.1,1071.8,13.1,138.3,142.6
-55,0.9,1.3,2.1,1.4,1.1,2.6,4,4.9,4.6,3.5,11.7,25.1,39.5,39.8,24.6,101.9,113.9,89.8,54.1,32.3,102.3,118.5,95,59,36.1,1.4,366,4.3,1110.1,17.2,138.3,142.6
-54,0.9,1.3,2.2,1.4,1.1,2.7,4.2,5.1,4.7,3.7,15.8,33.9,47.7,41.2,24.8,101.9,114,89.8,54.1,32.3,102.2,118.5,95,59,36.1,1.5,379.2,4.4,1140.9,22.7,138.4,142.6
-53,0.9,1.4,2.3,1.5,1.2,2.8,4.4,5.3,4.9,3.9,23.4,44.7,55.5,41.9,24.9,101.9,114,89.9,54.1,32.4,102.2,118.4,95,59,36.1,1.5,388.6,4.5,1188.2,31.9,138.3,142.5
-52,0.9,1.4,2.3,1.6,1.2,2.9,4.6,5.5,5.1,4.2,33.1,56.2,62.5,42.6,25,101.9,114,89.9,54.1,32.4,102.2,118.4,95,59,36.1,1.6,408.3,4.7,1237.3,42.2,138.3,142.5
-51,1,1.5,2.4,1.6,1.2,3.1,4.8,5.8,5.4,4.6,44.5,67.5,68,43,25.1,101.8,114,89.9,54.2,32.4,102.1,118.4,95.1,59,36.1,1.6,421.2,4.8,1288.3,56.1,138.2,142.4
-50,1,1.5,2.5,1.6,1.2,3.2,5,6,5.6,5.2,56.4,78.1,71.7,43.3,25.2,101.8,114,89.9,54.2,32.4,102.1,118.4,95,59.1,36.1,1.7,430.3,5,1335.6,70.1,138.2,142.3
-49,1,1.6,2.6,1.7,1.3,3.4,5.3,6.3,6.1,6.1,68,86.9,73.8,43.6,25.3,101.8,114,89.9,54.2,32.4,102,118.3,95,59.1,36.1,1.7,444.8,5.2,1409,85.7,138.1,142.2
-48,1.1,1.7,2.7,1.7,1.3,3.5,5.6,6.7,6.5,7.4,78.7,93.4,75,43.8,25.4,101.7,113.9,89.9,54.3,32.4,102,118.3,94.9,59.1,36.1,1.8,468.1,5.4,1475.4,100,138.1,142.1
-47,1.1,1.7,2.8,1.8,1.4,3.7,5.9,7.2,7.5,8.9,87,97,76.1,44,25.5,101.7,113.8,89.9,54.3,32.5,101.9,118.2,94.9,59.1,36.1,1.8,482.8,5.7,1568.4,111,138,142
-46,1.1,1.8,2.9,1.9,1.4,4,6.3,7.8,8.6,11,92.4,99.2,76.6,44.2,25.6,101.6,113.8,89.9,54.3,32.5,101.9,118.1,94.9,59.1,36.1,1.9,505,6,1671.7,119,138,141.9
-45,1.2,1.9,3,1.9,1.4,4.3,6.9,8.6,10.3,13.1,95.2,100.4,77.2,44.3,25.6,101.5,113.8,89.9,54.3,32.5,101.8,118,94.8,59.1,36.2,2,521.5,6.4,1821,122.7,137.9,141.8
-44,1.2,1.9,3.1,2,1.5,4.7,7.6,9.5,13.1,15.3,96.6,101.4,77.6,44.5,25.7,101.5,113.7,89.9,54.3,32.5,101.8,117.9,94.8,59,36.2,2.1,537.7,7,2013,124.9,137.7,141.7
-43,1.3,2,3.3,2,1.5,5.3,8.6,11.3,16.6,17.3,97.6,102,78,44.6,25.8,101.4,113.7,89.9,54.3,32.6,101.6,117.9,94.8,59,36.2,2.1,554.3,7.9,2325.8,126.2,137.6,141.6
-42,1.3,2.1,3.4,2.1,1.5,6.1,10,13.8,20.6,19,98.2,102.5,78.2,44.7,25.9,101.4,113.6,89.9,54.3,32.6,101.5,117.9,94.7,59,36.2,2.2,576.8,9.3,2730.6,127.2,137.4,141.5
-41,1.4,2.2,3.5,2.2,1.6,7.2,12.5,18.3,24.7,20.3,98.7,102.9,78.5,44.8,25.9,101.4,113.5,89.9,54.4,32.6,101.4,117.8,94.7,59,36.2,2.3,602.7,10.9,3493.7,127.7,137.3,141.4
-40,1.5,2.3,3.7,2.2,1.6,9.4,16.4,24.3,28.9,21.2,99,103.2,78.7,45,25.9,101.3,113.5,89.9,54.5,32.6,101.4,117.7,94.6,59.1,36.2,2.4,622.4,14.5,4437.1,128.1,137.3,141.2
-39,1.5,2.4,3.9,2.3,1.7,12.9,23.4,31.8,32.5,22,99.1,103.5,78.8,45.1,26,101.2,113.4,89.9,54.5,32.6,101.3,117.6,94.6,59.1,36.2,2.4,646.2,19.6,6057.9,128.4,137.2,141.1
-38,1.6,2.6,4.1,2.4,1.8,19.7,32.4,39.9,35.5,22.3,99.3,103.7,79,45.2,26.1,101.1,113.4,89.9,54.4,32.6,101.3,117.6,94.6,59.1,36.2,2.5,676.6,27.9,7884.4,128.4,137.1,140.9
-37,1.7,2.7,4.2,2.5,1.8,28.9,43.1,48,37.5,22.7,99.5,104,79.2,45.3,26.1,101.1,113.3,89.9,54.4,32.7,101.2,117.5,94.6,59.1,36.3,2.6,707.3,37.9,10326.2,128.5,137,140.8
-36,1.8,2.8,4.4,2.6,1.9,40.4,54.5,55.6,38.8,22.9,99.6,104.2,79.4,45.5,26.2,101,113.3,89.8,54.4,32.7,101.1,117.5,94.6,59.1,36.3,2.7,738.1,51.2,12836.3,128.5,136.8,140.7
-35,1.9,3,4.6,2.8,2,52.6,65.7,61.8,39.5,23.1,99.6,104.3,79.6,45.6,26.3,100.9,113.3,89.8,54.5,32.7,101.1,117.4,94.6,59.1,36.3,2.8,775.7,65.7,15581.4,128.6,136.7,140.6
-34,2,3.2,4.9,2.9,2.2,64.8,76.2,66.6,40.1,23.2,99.7,104.5,79.7,45.7,26.3,100.9,113.3,89.8,54.6,32.7,101,117.4,94.5,59.2,36.3,2.9,816.4,80.6,17870.4,128.7,136.7,140.6
-33,2.1,3.4,5.2,3.1,2.4,76.1,84.2,69.5,40.5,23.3,99.8,104.6,79.9,45.7,26.4,100.8,113.3,89.9,54.6,32.7,101,117.4,94.5,59.2,36.3,3.1,867.3,94.5,19749.9,128.7,136.6,140.5
-32,2.2,3.7,5.6,3.3,2.7,85,89.8,71.2,40.9,23.4,99.8,104.7,80,45.8,26.4,100.8,113.3,89.9,54.6,32.8,101,117.4,94.5,59.2,36.3,3.3,928.6,105.6,21177.6,128.8,136.5,140.5
-31,2.5,4,6,3.7,3.2,91.3,92.8,72.4,41.2,23.5,99.9,104.8,80.2,45.9,26.4,100.8,113.2,90,54.6,32.8,100.9,117.4,94.5,59.2,36.3,3.6,1002.8,114.4,21898.9,128.9,136.4,140.5
-30,2.7,4.4,6.7,4.2,3.8,94.5,94.8,73.3,41.4,23.6,100,105,80.4,45.9,26.5,100.8,113.2,90,54.7,32.8,100.8,117.3,94.5,59.2,36.3,3.9,1111.5,118.5,22387.7,128.9,136.5,140.4
-29,3.1,4.9,7.4,5,5,96.4,95.9,73.8,41.5,23.7,100,105.1,80.5,46,26.5,100.8,113.2,90,54.7,32.8,100.8,117.3,94.6,59.2,36.3,4.4,1258.6,121.4,22677.1,129,136.5,140.4
-28,3.5,5.7,8.5,6,6.2,97.4,96.8,74.2,41.6,23.7,100.1,105.3,80.6,46.1,26.6,100.8,113.3,89.9,54.7,32.8,100.8,117.3,94.6,59.1,36.3,5,1441.2,122.7,22855.8,129.1,136.5,140.3
-27,4.3,6.7,10.2,7.7,8,98.2,97.3,74.5,41.8,23.8,100.1,105.4,80.7,46.2,26.6,100.8,113.3,90,54.7,32.8,100.8,117.2,94.6,59.2,36.4,6.3,1761.5,123.7,22996.7,129.2,136.5,140.4
-26,5.2,8.3,12.9,10.3,10.1,98.7,97.8,74.8,41.9,23.8,100.2,105.5,80.8,46.3,26.6,100.7,113.3,90.1,54.8,32.8,100.8,117.3,94.5,59.2,36.4,7.8,2229.6,124.3,23116.7,129.3,136.5,140.4
-25,7.1,11,17.4,13.6,12.2,99,98.1,75.1,42,23.9,100.3,105.6,80.9,46.3,26.7,100.7,113.2,90.1,54.8,32.9,100.8,117.3,94.5,59.2,36.4,11,3024.9,124.8,23193.1,129.3,136.5,140.2
-24,9.9,15.4,24.6,17.5,14.3,99.3,98.4,75.4,42.1,24,100.3,105.7,81,46.3,26.7,100.8,113.2,90,54.7,32.9,100.8,117.3,94.6,59.2,36.4,15.6,4139,125,23260.7,129.3,136.4,140.2
-23,15.8,22.8,33.8,21.5,16.2,99.5,98.7,75.5,42.2,24,100.3,105.7,81.1,46.4,26.7,100.8,113.2,90.1,54.7,32.9,100.8,117.3,94.6,59.2,36.3,22.8,5780,125.2,23295,129.4,136.4,140.2
-22,24.1,32.4,44.5,25.4,17.7,99.6,98.9,75.7,42.3,24,100.4,105.6,81.2,46.5,26.8,100.7,113.2,90.1,54.8,32.9,100.7,117.2,94.5,59.2,36.3,32.2,7692.2,125.3,23336.6,129.4,136.4,140.2
-21,35,43.5,55.6,29,18.7,99.7,99,75.9,42.4,24.1,100.4,105.7,81.2,46.6,26.8,100.6,113.2,90.1,54.8,32.9,100.7,117.2,94.5,59.2,36.3,44.7,10189,125.5,23383.1,129.4,136.4,140.2
-20,46.9,55.1,66.4,31.9,19.6,99.8,99.1,76.1,42.4,24.1,100.4,105.8,81.3,46.6,26.8,100.6,113.2,90,54.8,32.9,100.7,117.2,94.5,59.3,36.3,59,12613.2,125.6,23409.1,129.4,136.3,140.1
-19,59.2,66.5,76.4,34.1,20,99.9,99.3,76.2,42.5,24.1,100.3,105.8,81.3,46.7,26.8,100.6,113.2,90,54.8,32.9,100.6,117.2,94.5,59.2,36.3,73.4,15189.7,125.7,23445.6,129.5,136.2,140
-18,71.2,77.1,84.7,35.4,20.4,99.9,99.5,76.3,42.6,24.2,100.3,105.9,81.3,46.7,26.8,100.6,113.2,90,54.8,32.9,100.5,117.1,94.5,59.2,36.4,88,17396.2,125.7,23453,129.4,136.2,139.9
-17,81.5,85.7,90.4,36.2,20.6,100,99.6,76.3,42.6,24.2,100.3,105.9,81.4,46.7,26.9,100.5,113.1,90,54.8,32.9,100.5,117.1,94.5,59.2,36.4,99.3,19246.5,125.8,23467.9,129.3,136.1,139.8
-16,89.4,91.4,93.6,36.9,20.8,100,99.6,76.4,42.7,24.2,100.3,105.9,81.4,46.7,26.9,100.5,113.1,89.9,54.8,32.9,100.5,117,94.4,59.1,36.4,108.8,20367.7,125.7,23471.8,129.3,135.9,139.7
-15,93.9,94.5,95.8,37.2,20.9,100,99.7,76.5,42.7,24.3,100.3,105.9,81.4,46.7,26.9,100.4,113,89.9,54.8,32.9,100.5,116.9,94.4,59.1,36.3,113.6,21026.4,125.6,23485.2,129.3,135.8,139.6
-14,96.5,96.5,97,37.5,21,100,99.7,76.6,42.8,24.3,100.3,105.8,81.5,46.7,26.9,100.4,113,89.9,54.8,32.9,100.5,116.9,94.3,59.1,36.3,116.5,21404.7,125.6,23503.6,129.2,135.8,139.5
-13,97.7,97.5,97.9,37.6,21.1,100,99.8,76.7,42.8,24.3,100.3,105.8,81.5,46.7,26.9,100.3,112.9,89.9,54.8,32.9,100.4,116.9,94.2,59.1,36.3,117.7,21625.4,125.6,23500.4,129.1,135.7,139.4
-12,98.7,98.3,98.5,37.8,21.1,100,99.9,76.7,42.9,24.3,100.2,105.8,81.5,46.8,26.9,100.3,112.9,89.9,54.8,32.8,100.3,116.8,94.3,59.1,36.3,118.8,21769.7,125.6,23519.8,129.1,135.7,139.3
-11,99.1,98.9,98.8,37.9,21.2,100,99.9,76.8,42.9,24.3,100.1,105.8,81.5,46.8,26.9,100.3,112.8,89.9,54.8,32.9,100.3,116.7,94.3,59.1,36.3,119.3,21869.4,125.5,23501.4,129.1,135.6,139.2
-10,99.4,99.2,99,38,21.2,100,99.9,76.8,43,24.3,100.1,105.8,81.5,46.8,26.9,100.3,112.8,89.9,54.8,32.9,100.2,116.7,94.3,59.1,36.3,119.7,21929,125.4,23492.6,129,135.5,139.2
-9,99.6,99.3,99.4,38,21.3,100.1,100,76.9,43,24.3,100.1,105.7,81.5,46.8,26.9,100.2,112.8,89.9,54.8,32.9,100.1,116.6,94.3,59.1,36.3,119.9,21973.9,125.4,23489.4,128.9,135.5,139.1
-8,99.8,99.6,99.6,38.1,21.3,100.1,100,77,43,24.4,100.1,105.7,81.5,46.9,27,100.2,112.8,89.8,54.7,32.9,100.1,116.6,94.2,59.1,36.3,120,22007.4,125.3,23511.2,128.9,135.4,139
-7,99.9,99.7,99.6,38.1,21.3,100.1,99.9,76.9,43,24.4,100,105.7,81.5,46.9,27,100.2,112.7,89.8,54.8,32.9,100.1,116.6,94.1,59.1,36.3,120,22024.1,125.3,23498.4,128.8,135.3,138.9
-6,100,99.8,99.6,38.2,21.3,100,100,76.9,43,24.4,100,105.7,81.5,46.8,27,100.1,112.7,89.9,54.8,32.9,100.1,116.6,94.1,59.1,36.3,120,22045,125.2,23465.9,128.8,135.2,138.8
-5,100,99.8,99.8,38.2,21.3,100,100.1,77,43,24.4,100,105.7,81.5,46.8,27,100.1,112.6,89.8,54.8,32.9,100,116.5,94.1,59.1,36.3,120,22039.1,125.2,23479.1,128.8,135.1,138.8
-4,100,99.9,100,38.2,21.3,100,100,77,43,24.4,100,105.7,81.5,46.9,27,100.1,112.6,89.8,54.8,32.9,99.9,116.5,94.1,59.1,36.3,119.9,22037,125.1,23485.2,128.7,135,138.8
-3,100,99.9,99.9,38.2,21.3,100,100,76.9,43,24.4,100,105.7,81.5,46.8,27,100,112.6,89.8,54.8,32.9,99.9,116.4,94.1,59.1,36.4,119.9,22035.9,125.1,23483.9,128.5,134.9,138.7
-2,100,99.9,100,38.3,21.3,100,100,76.9,43,24.4,100,105.7,81.5,46.8,27,100,112.6,89.8,54.8,32.9,100,116.5,94,59.1,36.4,119.9,22037.8,125,23473.6,128.5,134.9,138.7
-1,100,100,99.9,38.3,21.3,100,100,77,43,24.4,100,105.7,81.5,46.8,27,100,112.6,89.8,54.8,32.9,100,116.5,94,59.1,36.4,119.9,22039.3,125,23469.6,128.4,134.9,138.6
0,100,100,100,38.2,21.3,100,100,77.1,43,24.4,100,105.7,81.5,46.8,27,100,112.6,89.8,54.8,32.9,100,116.4,94.1,59.1,36.4,119.9,22040.3,125,23451.5,128.4,134.9,138.6
1,100,100.1,100,38.3,21.3,100,100,77.1,43,24.4,100.1,105.7,81.5,46.8,26.9,100,112.6,89.8,54.8,32.9,100,116.4,94.1,59.1,36.3,119.9,22048.2,125,23440.6,128.4,135,138.5
2,100.1,100,100.1,38.3,21.3,100.1,100,77.1,43.1,24.4,100.1,105.8,81.5,46.8,27,100,112.6,89.7,54.9,32.9,99.9,116.5,94.1,59.1,36.3,119.9,22030.6,125.1,23464,128.4,134.9,138.5
3,100.1,100,100.1,38.3,21.3,100.1,100.1,77.1,43.1,24.4,100.1,105.7,81.6,46.9,27,100.1,112.7,89.8,54.8,32.9,100,116.6,94.2,59.1,36.3,119.8,22023.8,125.1,23463.9,128.4,134.9,138.5
4,100.1,100,100,38.3,21.3,100.2,100,77.1,43,24.4,100.1,105.7,81.6,46.9,27,100.1,112.8,89.8,54.8,32.9,100.1,116.6,94.2,59.1,36.3,119.8,22007.1,125.1,23439.3,128.5,134.9,138.6
5,100.1,100,100,38.2,21.3,100.2,100,77.1,43,24.4,100.1,105.8,81.6,46.9,27,100.2,112.8,89.8,54.8,32.9,100.2,116.7,94.2,59.1,36.3,119.8,21999.9,125.1,23442.4,128.6,135,138.7
6,100.2,100,99.9,38.2,21.3,100.2,100.1,77.1,43,24.4,100.2,105.8,81.6,46.9,27,100.2,112.9,89.9,54.8,32.9,100.2,116.7,94.2,59.1,36.3,119.8,21987.7,125.1,23444.9,128.6,135.1,138.8
7,100.1,99.9,99.9,38.2,21.3,100.2,100.1,77,43,24.4,100.2,105.9,81.6,46.9,27,100.3,112.9,89.9,54.8,32.9,100.3,116.7,94.2,59.2,36.4,119.8,21960.1,125.1,23444.4,128.6,135.2,138.8
8,100.1,99.8,99.8,38.1,21.3,100.2,100.1,77,43.1,24.4,100.3,106,81.6,46.9,27,100.3,113,90,54.9,33,100.3,116.8,94.3,59.3,36.4,119.7,21949.7,125.2,23443.3,128.6,135.2,138.8
9,99.9,99.7,99.7,38.1,21.3,100.2,100.1,77,43.1,24.4,100.3,106,81.7,46.9,27,100.4,113.1,90,54.9,32.9,100.4,116.8,94.3,59.2,36.4,119.5,21913.2,125.2,23448,128.7,135.2,138.9
10,99.8,99.5,99.6,38.1,21.2,100.2,100.2,76.9,43,24.4,100.4,106,81.7,46.8,27,100.5,113.1,90.1,54.9,32.9,100.5,116.9,94.4,59.2,36.4,119.3,21846.3,125.2,23442.3,128.7,135.3,139
11,99.5,99.2,99.2,38,21.2,100.2,100.2,77,43,24.4,100.4,106.1,81.7,46.9,27,100.6,113.2,90.1,54.9,33,100.6,117,94.5,59.2,36.4,118.7,21770.3,125.2,23440.4,128.8,135.4,139.1
12,99.2,98.9,98.8,37.9,21.2,100.3,100.1,77,43,24.3,100.5,106.1,81.7,46.9,27,100.7,113.2,90.1,54.9,33,100.6,117.1,94.6,59.2,36.4,118,21642.7,125.2,23444.2,128.9,135.5,139.2
13,98.3,98.3,98.4,37.8,21.2,100.4,100.2,77,43,24.3,100.6,106.2,81.7,46.9,27,100.8,113.3,90.1,54.9,33,100.7,117.2,94.6,59.3,36.4,116.6,21439.7,125.2,23421.6,128.9,135.5,139.2
14,97.3,97.3,97.8,37.6,21.1,100.4,100.1,76.9,43,24.3,100.6,106.2,81.7,46.8,27,100.8,113.3,90.2,54.9,32.9,100.8,117.2,94.7,59.3,36.4,114.6,21101.9,125.3,23418.8,128.9,135.6,139.3
15,95.1,95.8,96.7,37.4,21,100.5,100,76.9,42.9,24.3,100.7,106.3,81.7,46.8,27,100.8,113.4,90.2,54.9,32.9,100.9,117.3,94.7,59.3,36.4,110.4,20571.2,125.3,23407.5,128.9,135.7,139.4
16,91.7,93.2,95,37.1,20.9,100.4,100.1,76.8,42.8,24.3,100.7,106.3,81.7,46.8,27,100.9,113.4,90.2,54.9,32.9,100.9,117.3,94.7,59.3,36.4,104.1,19706.8,125.3,23393,128.9,135.8,139.4
17,84.5,88.8,92.3,36.5,20.8,100.4,100,76.7,42.8,24.3,100.8,106.3,81.7,46.8,27,100.9,113.4,90.3,55,32.9,100.9,117.4,94.7,59.4,36.5,94.7,18361.5,125.3,23382.7,129,135.8,139.5
18,74.9,81.4,87.7,35.9,20.6,100.4,100,76.6,42.7,24.2,100.8,106.3,81.7,46.8,26.9,101,113.5,90.3,55,32.9,100.9,117.5,94.8,59.4,36.5,83.9,16680.8,125.2,23392.8,129,135.9,139.6
19,62.9,71.2,80.6,34.8,20.2,100.4,99.9,76.5,42.7,24.2,100.8,106.3,81.6,46.8,26.9,101.1,113.6,90.4,55,33,101,117.6,94.8,59.4,36.4,70,14518,125.1,23328.8,129.1,136,139.7
20,50.3,59.7,70.8,32.9,19.8,100.3,99.7,76.4,42.6,24.2,100.9,106.2,81.6,46.8,26.9,101.1,113.7,90.4,55,33,101.2,117.6,94.9,59.4,36.5,54.9,12050.2,125.1,23298.6,129,136,139.7
21,37.9,47.6,59.8,30.2,18.9,100.2,99.6,76.3,42.5,24.1,100.9,106.3,81.5,46.8,26.9,101.2,113.8,90.4,55,33,101.2,117.7,95,59.4,36.5,40.7,9446.1,125,23269.6,129,136.1,139.8
22,26.5,36,48.3,26.6,18,100.1,99.5,76.1,42.5,24.1,100.9,106.3,81.5,46.8,26.9,101.3,113.8,90.5,55,32.9,101.3,117.8,95,59.5,36.5,27.6,7049,124.8,23226.9,128.9,136.1,139.9
23,17.3,25.6,37.2,22.7,16.5,100,99.3,76,42.4,24.1,100.9,106.2,81.5,46.7,26.8,101.3,113.8,90.5,55,32.9,101.3,117.8,95,59.4,36.5,18.5,4881.8,124.6,23181.6,128.9,136.2,139.9
24,10.6,17.1,27.2,18.6,14.6,99.9,99.1,75.8,42.3,24,100.9,106.2,81.5,46.6,26.8,101.2,113.8,90.5,55,32.9,101.3,117.9,95,59.4,36.4,11.7,3409.7,124.3,23131.6,128.8,136.2,139.9
25,7.3,11.8,19.1,14.6,12.5,99.6,98.8,75.6,42.3,24,100.9,106.2,81.4,46.5,26.8,101.2,113.8,90.5,55,32.9,101.3,117.9,95,59.4,36.4,8.6,2441.4,123.9,23042.9,128.8,136.2,140
26,5.4,8.7,13.9,11,10.3,99.3,98.5,75.4,42.2,23.9,100.8,106.1,81.3,46.5,26.8,101.3,113.9,90.6,54.9,32.9,101.4,117.9,95.1,59.4,36.4,6.5,1881.5,123.3,22941.8,128.7,136.2,140
27,4.4,7,10.7,8.1,8.2,98.8,98,75.1,42.1,23.9,100.7,106.1,81.2,46.4,26.7,101.4,113.9,90.6,54.9,32.9,101.4,117.9,95.1,59.4,36.4,5.5,1538.9,122.4,22808.5,128.6,136.2,140
28,3.5,5.8,8.9,6.2,6.3,98.1,97.5,74.8,42,23.8,100.7,106,81.1,46.4,26.7,101.4,113.9,90.5,54.9,32.9,101.5,118,95.1,59.4,36.4,4.5,1305.3,121,22647.9,128.5,136.2,140
29,3.1,5.1,7.7,5.2,5.1,97.2,96.7,74.4,41.8,23.8,100.7,105.8,81.1,46.3,26.6,101.4,113.9,90.5,54.9,32.9,101.5,118,95,59.4,36.4,4,1149.7,119.2,22358.4,128.5,136.2,140
30,2.7,4.5,6.8,4.2,3.8,95.4,95.6,73.9,41.6,23.7,100.7,105.7,80.9,46.3,26.6,101.4,113.9,90.6,54.9,32.9,101.5,118,95,59.4,36.5,3.6,1040.8,115,21992.8,128.4,136.2,140
31,2.4,4.1,6.2,3.8,3.3,92.4,94,73.1,41.4,23.6,100.7,105.6,80.7,46.2,26.6,101.5,113.9,90.5,54.9,32.9,101.5,118,95.1,59.4,36.5,3.3,954.6,109.5,21306.5,128.3,136.3,140
32,2.2,3.8,5.7,3.4,2.7,86.7,91.2,72.2,41.2,23.6,100.6,105.5,80.6,46.1,26.6,101.5,114,90.5,54.9,32.9,101.6,118.1,95.1,59.4,36.5,3.1,882.5,100.8,20376.7,128.2,136.3,140
33,2.1,3.5,5.4,3.1,2.5,78.4,86.4,70.5,40.9,23.5,100.4,105.3,80.5,46,26.5,101.5,114,90.5,54.9,32.9,101.6,118.2,95.1,59.4,36.4,3,836.1,90.2,18873.7,128.1,136.3,140.1
34,2,3.3,5.1,2.9,2.2,67.5,79.1,68.2,40.5,23.4,100.4,105.2,80.4,45.9,26.5,101.6,114.1,90.5,54.8,32.8,101.7,118.2,95.1,59.4,36.4,2.8,792.5,76.7,17141.6,128,136.3,140.2
35,1.9,3.1,4.8,2.8,2.1,55.5,69.2,64,39.9,23.2,100.3,105.1,80.2,45.8,26.4,101.6,114.1,90.5,54.8,32.8,101.8,118.3,95.1,59.4,36.5,2.7,753.7,62.3,14810.6,127.9,136.4,140.1
36,1.8,2.9,4.5,2.7,2,43.4,58.4,58.3,39.2,23.1,100.3,105,80.1,45.7,26.4,101.7,114.2,90.5,54.8,32.8,101.8,118.3,95.1,59.4,36.4,2.6,714.7,47.6,12335.4,127.8,136.4,140.2
37,1.7,2.7,4.3,2.6,1.9,31.8,46.9,50.9,38.1,22.9,100.2,104.8,79.9,45.6,26.3,101.8,114.2,90.5,54.8,32.8,101.9,118.3,95.2,59.4,36.4,2.5,682.9,33.7,9677.4,127.7,136.5,140.3
38,1.6,2.6,4.1,2.4,1.8,22,36,42.9,36.3,22.6,100.1,104.6,79.7,45.6,26.3,101.8,114.2,90.5,54.8,32.7,102,118.4,95.2,59.4,36.4,2.4,662.5,23.3,7169.4,127.5,136.6,140.5
39,1.5,2.5,3.9,2.4,1.7,14.4,26.4,34.9,33.7,22.2,99.9,104.4,79.6,45.4,26.2,101.9,114.3,90.5,54.8,32.7,102,118.5,95.2,59.4,36.5,2.3,630.7,15.5,5241.1,127.3,136.7,140.6
40,1.5,2.3,3.8,2.3,1.7,10.2,18.5,27.2,30.2,21.6,99.8,104.2,79.4,45.3,26.1,102,114.3,90.5,54.7,32.7,102.1,118.5,95.3,59.4,36.4,2.3,602.1,11.9,3708.8,126.9,136.7,140.7
41,1.4,2.2,3.6,2.2,1.6,7.6,13.8,20.5,26.2,20.8,99.6,103.9,79.1,45.2,26.1,102.1,114.4,90.5,54.7,32.7,102.2,118.6,95.3,59.4,36.3,2.2,584.3,9.5,2947.6,126.6,136.8,140.8
42,1.4,2.1,3.5,2.1,1.6,6.3,10.7,15.2,22,19.4,99.2,103.6,78.9,45,26,102.2,114.5,90.6,54.7,32.7,102.3,118.6,95.3,59.3,36.4,2.1,561.3,8.2,2390.5,125.8,136.9,140.9
43,1.3,2,3.3,2,1.5,5.4,9.1,12.1,17.9,17.9,98.7,103.2,78.7,44.9,26,102.2,114.6,90.6,54.7,32.7,102.4,118.7,95.3,59.3,36.4,2.1,536.2,7.1,2092.7,124.8,137,141.1
44,1.2,2,3.2,2,1.5,4.8,7.9,10.2,14.2,15.8,97.9,102.6,78.3,44.9,25.9,102.3,114.6,90.5,54.6,32.7,102.5,118.8,95.4,59.4,36.3,2,519.3,6.5,1874.3,123.2,137.2,141.3
45,1.2,1.9,3.1,1.9,1.5,4.4,7.2,9,11.1,13.6,96.5,101.7,78,44.7,25.8,102.4,114.7,90.6,54.7,32.7,102.6,118.9,95.5,59.4,36.3,1.9,501.8,6,1717.2,119.4,137.3,141.4
46,1.1,1.8,2.9,1.9,1.4,4.1,6.5,8,9,11.4,94.3,100.7,77.5,44.6,25.8,102.5,114.7,90.6,54.7,32.6,102.7,118.9,95.5,59.3,36.3,1.9,478.2,5.7,1591.6,114.7,137.4,141.4
47,1.1,1.7,2.8,1.8,1.4,3.8,6.1,7.4,7.8,9.3,89.8,98.8,76.9,44.4,25.7,102.5,114.7,90.7,54.6,32.6,102.8,119,95.6,59.4,36.3,1.8,464.9,5.4,1499.1,105.9,137.5,141.5
48,1,1.6,2.7,1.7,1.4,3.6,5.7,6.9,6.7,7.6,82.5,96,76,44.2,25.6,102.6,114.8,90.7,54.5,32.7,102.8,119.1,95.7,59.4,36.3,1.8,450.5,5.2,1417.7,96.4,137.5,141.6
49,1,1.6,2.7,1.7,1.3,3.4,5.4,6.5,6.2,6.3,72.2,90.6,75,44,25.6,102.7,114.8,90.7,54.5,32.6,102.9,119.2,95.7,59.4,36.3,1.7,432.9,5,1352.3,81.9,137.5,141.7
50,1,1.6,2.5,1.7,1.3,3.2,5.1,6.1,5.7,5.4,60.7,82.8,73.2,43.7,25.5,102.7,114.9,90.7,54.5,32.6,102.9,119.3,95.8,59.3,36.3,1.7,430,4.8,1302.5,67.8,137.6,141.8
51,1,1.5,2.4,1.6,1.3,3.1,4.8,5.9,5.4,4.7,48.5,72.4,70.1,43.4,25.4,102.8,114.9,90.7,54.5,32.6,103,119.4,95.8,59.3,36.3,1.6,412.5,4.6,1245.7,52.6,137.6,141.8
52,0.9,1.5,2.4,1.6,1.2,2.9,4.6,5.6,5.1,4.2,36.6,60.9,65.6,43.1,25.3,102.8,114.9,90.7,54.5,32.6,103,119.4,95.8,59.3,36.3,1.6,395.2,4.5,1196.1,39.1,137.7,141.9
53,0.9,1.4,2.3,1.5,1.2,2.8,4.4,5.4,4.9,3.9,26.2,49.1,58.8,42.5,25.1,102.8,114.9,90.7,54.5,32.5,103.1,119.5,95.9,59.3,36.3,1.5,388.1,4.4,1154.8,27.5,137.8,142
54,0.9,1.4,2.2,1.5,1.2,2.7,4.2,5.2,4.7,3.7,17.6,37.9,51.1,41.9,25,102.8,115,90.7,54.5,32.5,103.1,119.5,95.9,59.3,36.3,1.5,369.1,4.2,1119,19.1,137.8,142.1
55,0.9,1.3,2.1,1.4,1.1,2.6,4,4.9,4.6,3.5,12.6,28.1,42.8,40.8,24.9,102.8,115,90.6,54.4,32.5,103.1,119.6,95.9,59.3,36.2,1.4,363.3,4.1,1079.3,14.6,137.8,142.1
56,0.9,1.3,2.1,1.4,1.1,2.5,3.9,4.8,4.4,3.4,9.5,20.3,34.5,39,24.7,102.8,115,90.6,54.4,32.5,103.2,119.6,95.9,59.3,36.2,1.4,347.1,4,1048.5,11.8,137.8,142.1
57,0.8,1.2,2,1.4,1.1,2.4,3.7,4.6,4.3,3.3,7.9,15.6,27,36.6,24.4,102.8,115,90.6,54.4,32.4,103.2,119.7,95.9,59.3,36.3,1.3,342.3,3.9,1013.2,10.2,137.8,142.1
58,0.8,1.2,2,1.3,1.1,2.3,3.5,4.4,4.1,3.2,7,12.7,20.6,33.2,24.1,102.9,115,90.5,54.3,32.4,103.3,119.6,95.9,59.3,36.2,1.3,327.1,3.8,979.4,9.1,137.7,142.2
59,0.8,1.2,1.9,1.3,1,2.2,3.4,4.2,4,3.1,6.2,11,16.1,29.2,23.7,102.9,114.9,90.5,54.3,32.4,103.3,119.6,95.8,59.3,36.2,1.3,320.2,3.7,943.8,8.4,137.7,142.2
60,0.8,1.1,1.8,1.3,1,2.2,3.3,4.1,3.9,3,5.7,9.9,13.3,24.9,22.9,102.9,114.9,90.5,54.3,32.4,103.3,119.6,95.9,59.3,36.2,1.3,315.5,3.6,924.7,7.9,137.6,142.2
61,0.7,1.1,1.8,1.3,1,2.1,3.2,4,3.8,2.9,5.3,9.1,11.7,20.7,22,102.9,114.9,90.4,54.2,32.3,103.4,119.7,95.9,59.3,36.2,1.2,307.5,3.4,895.4,7.4,137.6,142.3
62,0.7,1.1,1.8,1.2,1,2,3,3.8,3.7,2.9,5,8.4,10.7,16.9,20.6,102.9,114.9,90.3,54.1,32.3,103.4,119.7,95.9,59.3,36.2,1.2,302.4,3.3,861.9,7.1,137.7,142.3
63,0.7,1,1.7,1.2,0.9,2,2.9,3.7,3.6,2.8,4.7,7.9,9.8,13.6,18.8,102.9,114.8,90.3,54.1,32.3,103.4,119.8,95.9,59.2,36.1,1.2,294.3,3.2,834.7,6.9,137.7,142.3
64,0.7,1,1.7,1.1,0.9,1.9,2.8,3.6,3.5,2.8,4.5,7.4,9.2,11.2,16.6,102.8,114.8,90.2,54,32.2,103.5,119.8,95.9,59.2,36.1,1.1,281.3,3.1,804.8,6.7,137.7,142.3
65,0.7,1,1.6,1.1,0.9,1.8,2.7,3.5,3.4,2.7,4.3,7.1,8.7,9.9,14.4,102.8,114.8,90.2,53.9,32.2,103.5,119.8,95.9,59.2,36.1,1.1,276.2,3,783,6.4,137.7,142.4
66,0.7,1,1.6,1.1,0.9,1.8,2.7,3.3,3.3,2.6,4.1,6.8,8.3,8.7,12.1,102.9,114.8,90.1,53.9,32.1,103.5,119.8,95.9,59.2,36.1,1.1,271.1,3,760.7,6.3,137.6,142.4
67,0.7,1,1.6,1.1,0.9,1.7,2.5,3.2,3.2,2.6,4,6.5,7.9,8.1,10.1,102.9,114.7,90,53.9,32.1,103.5,119.8,95.9,59.2,36.1,1.1,263.9,2.9,742,6.1,137.6,142.5
68,0.7,1,1.5,1.1,0.8,1.6,2.4,3.1,3.1,2.5,3.9,6.2,7.6,7.6,8.6,102.8,114.7,89.9,53.8,32.1,103.6,119.8,95.9,59.1,36.1,1,261.2,2.8,712.6,5.9,137.6,142.5
69,0.6,0.9,1.5,1,0.8,1.6,2.4,3,3,2.4,3.7,6,7.3,7.2,7.2,102.8,114.6,89.8,53.8,32,103.6,119.9,95.9,59.1,36.1,1,254.2,2.8,695.7,5.8,137.5,142.6
70,0.6,0.9,1.4,1,0.8,1.6,2.3,2.9,3,2.4,3.6,5.7,7.1,6.9,6.4,102.9,114.6,89.7,53.7,32,103.6,119.9,95.8,59,36.1,1,247.7,2.7,683.5,5.7,137.5,142.6
71,,,1.4,1,0.8,1.5,2.2,2.8,2.9,2.3,3.4,5.5,6.8,6.7,5.8,102.9,114.6,89.7,53.6,32,103.6,119.9,95.8,59,36,,,2.6,656.7,5.5,137.5,142.6
72,,,,1,0.8,1.5,2.2,2.7,2.8,2.3,3.3,5.3,6.6,6.5,5.4,102.8,114.5,89.7,53.5,31.9,103.7,119.9,95.8,59,36,,,2.5,648.5,5.3,137.4,142.6
73,,,,0.9,0.8,1.4,2.1,2.7,2.7,2.2,3.2,5.1,6.4,6.3,5.1,102.8,114.4,89.6,53.4,31.8,103.7,119.9,95.8,59,36,,,2.5,629,5.2,137.4,142.7
74,,,,,0.7,1.4,2,2.6,2.7,2.2,3.1,4.9,6.1,6.1,4.9,102.8,114.4,89.4,53.4,31.8,103.7,119.9,95.8,59,36,,,2.4,605.3,5,137.3,142.7
75,,,,,0.7,1.4,2,2.5,2.6,2.1,3,4.8,5.9,5.9,4.7,102.8,114.3,89.3,53.3,31.7,103.7,119.9,95.7,58.9,35.9,,,2.4,586.8,4.9,137.3,142.7
76,,,,,,1.3,1.9,2.5,2.6,2.1,2.9,4.6,5.7,5.7,4.6,102.7,114.2,89.2,53.2,31.7,103.8,119.9,95.7,58.9,35.9,,,2.3,573.4,4.8,137.2,142.7
77,,,,,,1.3,1.9,2.4,2.5,2,2.8,4.4,5.6,5.6,4.5,102.7,114.1,89.1,53.1,31.6,103.8,119.9,95.8,58.9,35.9,,,2.2,563.2,4.7,137.1,142.8
78,,,,,,1.3,1.8,2.3,2.4,2,2.7,4.3,5.4,5.5,4.3,102.7,114,89,53,31.6,103.8,119.9,95.7,58.8,35.9,,,2.2,544.2,4.6,137.1,142.8
79,,,,,,1.3,1.8,2.2,2.4,2,2.6,4.2,5.2,5.3,4.2,102.6,114,88.9,52.9,31.5,103.8,119.9,95.7,58.8,35.8,,,2.1,527.3,4.5,137,142.9
80,,,,,,1.2,1.8,2.2,2.3,1.9,2.5,4,5.1,5.2,4.2,102.6,113.9,88.8,52.8,31.5,103.9,119.9,95.7,58.8,35.8,,,2.1,509.2,4.4,136.9,142.9
81,,,,,,1.2,1.7,2.1,2.3,1.9,2.5,3.9,4.9,5,4.1,102.5,113.7,88.6,52.7,31.4,103.9,119.9,95.6,58.8,35.8,,,2.1,503,4.3,136.8,143
82,,,,,,1.2,1.6,2.1,2.2,1.8,2.4,3.8,4.8,4.9,4,102.4,113.6,88.4,52.6,31.4,103.9,120,95.6,58.7,35.8,,,2,494.2,4.2,136.7,143
83,,,,,,1.1,1.6,2,2.2,1.8,2.3,3.7,4.6,4.8,3.9,102.3,113.5,88.3,52.5,31.4,103.9,120,95.6,58.7,35.7,,,2,489.9,4.1,136.6,143
84,,,,,,1.1,1.6,2,2.1,1.8,2.3,3.6,4.5,4.7,3.8,102.3,113.3,88.2,52.4,31.3,103.9,120,95.6,58.7,35.7,,,1.9,474.5,4,136.4,142.9
85,,,,,,1.1,1.6,1.9,2.1,1.7,2.2,3.5,4.3,4.6,3.7,102.2,113.2,88.1,52.4,31.2,103.9,120,95.6,58.6,35.6,,,1.9,468.7,3.9,136.3,143
86,,,,,,,1.5,1.9,2,1.7,2.2,3.4,4.2,4.5,3.7,102.1,113,87.9,52.3,31.1,103.9,120,95.6,58.5,35.6,,,,459.1,3.8,136.1,143
87,,,,,,,,1.8,2,1.7,2.1,3.3,4.1,4.4,3.6,102,112.8,87.8,52.2,31.1,103.9,120,95.6,58.5,35.6,,,,,3.7,136,143
88,,,,,,,,1.8,1.9,1.6,2.1,3.2,4,4.3,3.5,101.9,112.6,87.5,52.1,31,104,120,95.5,58.5,35.6,,,,,3.6,135.7,143
89,,,,,,,,,1.9,1.6,2,3.1,3.9,4.2,3.4,101.7,112.3,87.3,51.9,31,104,119.9,95.4,58.4,35.5,,,,,3.5,135.4,143
90,,,,,,,,,1.9,1.6,2,3,3.8,4.1,3.4,101.5,112.1,87.2,51.8,30.9,103.9,119.9,95.4,58.4,35.5,,,,,3.5,135,143
91,,,,,,,,,1.8,1.6,1.9,3,3.7,4,3.3,101.3,111.9,86.9,51.7,30.8,104,119.9,95.4,58.3,35.4,,,,,3.4,134.6,143
92,,,,,,,,,,1.5,1.9,2.9,3.6,3.9,3.2,100.9,111.6,86.7,51.6,30.8,104,119.9,95.4,58.3,35.4,,,,,3.3,133.9,143.1
93,,,,,,,,,,1.5,1.8,2.8,3.5,3.8,3.2,100.5,111.2,86.5,51.5,30.7,104,119.9,95.3,58.2,35.4,,,,,3.3,133.3,143
94,,,,,,,,,,1.5,1.8,2.8,3.4,3.7,3.1,99.9,110.8,86.2,51.3,30.6,104,119.9,95.3,58.2,35.4,,,,,3.2,131.7,143
95,,,,,,,,,,1.5,1.8,2.7,3.3,3.6,3,99.2,110.4,85.9,51.2,30.6,104.1,119.9,95.3,58.2,35.4,,,,,3.1,129.6,143.1
96,,,,,,,,,,,1.8,2.6,3.3,3.5,3,97.9,109.8,85.6,51,30.5,104.1,119.9,95.2,58.2,35.3,,,,,3.1,125.3,143.1
97,,,,,,,,,,,1.7,2.6,3.2,3.4,2.9,95.8,109.1,85.3,50.9,30.4,104.1,119.9,95.2,58.1,35.3,,,,,3,119.2,143.2
98,,,,,,,,,,,1.7,2.5,3.1,3.4,2.9,91.5,108.1,84.9,50.7,30.3,104.1,119.8,95.1,58,35.2,,,,,2.9,109.6,143.2
99,,,,,,,,,,,1.6,2.5,3,3.3,2.8,84.5,106.9,84.5,50.5,30.2,104.1,119.8,95.1,58,35.2,,,,,2.9,98.2,143.2
100,,,,,,,,,,,1.6,2.4,3,3.2,2.8,74.5,105,84.1,50.4,30.2,104.1,119.8,95.1,57.9,35.2,,,,,2.8,83.6,143.2
101,,,,,,,,,,,,2.4,2.9,3.2,2.7,63.2,101.6,83.5,50.2,30.1,104.1,119.8,95,57.9,35.1,,,,,,67.8,143.2
102,,,,,,,,,,,,2.3,2.8,3.1,2.7,51.2,96.1,83,50,30,104.1,119.8,94.9,57.8,35.1,,,,,,52.6,143.3
103,,,,,,,,,,,,,2.8,3,2.6,39.5,87,82.1,49.8,29.9,104.1,119.8,94.9,57.7,35.1,,,,,,38.1,143.3
104,,,,,,,,,,,,,2.7,3,2.6,29.1,76.2,81.1,49.6,29.8,104.1,119.8,94.8,57.7,35,,,,,,28.1,143.3
105,,,,,,,,,,,,,,2.9,2.5,20.4,63.9,79.5,49.4,29.7,104.1,119.8,94.7,57.6,35,,,,,,20.6,143.2
106,,,,,,,,,,,,,,2.8,2.5,15.2,51.8,76.8,49.2,29.6,104.1,119.7,94.7,57.6,34.9,,,,,,17.2,143.2
107,,,,,,,,,,,,,,2.8,2.4,12.2,40.3,72.6,49,29.5,104.1,119.7,94.7,57.5,34.9,,,,,,15,143.3
108,,,,,,,,,,,,,,2.8,2.4,10.6,30.3,66.1,48.7,29.4,104.1,119.7,94.6,57.4,34.9,,,,,,13.8,143.3
109,,,,,,,,,,,,,,2.7,2.4,9.6,23.1,58.4,48.5,29.3,104.1,119.7,94.5,57.4,34.8,,,,,,12.8,143.4
110,,,,,,,,,,,,,,,2.3,8.9,18.7,49.9,48.2,29.2,104.2,119.6,94.5,57.3,34.8,,,,,,12.2,143.4
111,,,,,,,,,,,,,,,2.3,8.3,16.4,41.5,47.8,29.1,104.1,119.6,94.4,57.3,34.7,,,,,,11.6,143.3
112,,,,,,,,,,,,,,,2.2,8,15.1,33.5,47.4,28.9,104.1,119.5,94.4,57.2,34.7,,,,,,11.2,143.3
113,,,,,,,,,,,,,,,2.2,7.6,13.8,26.7,46.9,28.8,104.2,119.5,94.3,57.1,34.6,,,,,,10.9,143.3
114,,,,,,,,,,,,,,,2.2,7.4,13,21.6,46.2,28.7,104.2,119.5,94.2,57.1,34.6,,,,,,10.6,143.3
115,,,,,,,,,,,,,,,,7.1,12.3,18.4,45,28.6,104.1,119.4,94.2,57,34.5,,,,,,10.4,143.2
116,,,,,,,,,,,,,,,,6.9,11.8,16.5,43.7,28.4,104.1,119.4,94.1,56.9,34.5,,,,,,10.2,143.2
117,,,,,,,,,,,,,,,,6.7,11.3,15.4,41.5,28.3,104,119.3,94,56.9,34.5,,,,,,10,143.2
118,,,,,,,,,,,,,,,,6.5,11,14.4,38.3,28.2,104,119.2,93.9,56.8,34.4,,,,,,9.8,143.2
119,,,,,,,,,,,,,,,,6.4,10.6,13.7,34.5,28,104,119.2,93.8,56.7,34.4,,,,,,9.6,143.2
120,,,,,,,,,,,,,,,,6.2,10.3,13.1,30.3,27.8,104,119.1,93.7,56.6,34.3,,,,,,9.4,143.1
121,,,,,,,,,,,,,,,,6,9.9,12.6,25.9,27.6,104,119.1,93.7,56.5,34.3,,,,,,9.2,143.1
122,,,,,,,,,,,,,,,,5.9,9.7,12.2,21.9,27.4,104,119,93.6,56.5,34.2,,,,,,9.1,143
123,,,,,,,,,,,,,,,,5.7,9.4,11.9,18.4,27,104,118.9,93.5,56.4,34.1,,,,,,8.9,143
124,,,,,,,,,,,,,,,,5.5,9.1,11.5,15.6,26.6,103.9,118.9,93.4,56.3,34.1,,,,,,8.8,143
125,,,,,,,,,,,,,,,,5.4,8.9,11.2,14.1,25.9,103.9,118.8,93.3,56.3,34.1,,,,,,8.6,143
126,,,,,,,,,,,,,,,,5.3,8.6,10.9,12.8,25.1,103.9,118.7,93.2,56.2,34,,,,,,8.4,143
127,,,,,,,,,,,,,,,,5.2,8.4,10.6,12.1,23.9,103.9,118.6,93.1,56.1,33.9,,,,,,8.3,142.9
128,,,,,,,,,,,,,,,,5,8.1,10.3,11.5,22.1,103.8,118.5,93,56,33.9,,,,,,8.1,142.8
129,,,,,,,,,,,,,,,,4.9,7.9,10.1,11,20.1,103.8,118.4,92.8,55.9,33.8,,,,,,8,142.7
130,,,,,,,,,,,,,,,,4.8,7.7,9.8,10.6,17.8,103.8,118.4,92.7,55.8,33.8,,,,,,7.9,142.7
131,,,,,,,,,,,,,,,,4.7,7.6,9.6,10.4,15.6,103.7,118.3,92.6,55.7,33.7,,,,,,7.7,142.6
132,,,,,,,,,,,,,,,,4.6,7.4,9.3,10.1,13.5,103.7,118.1,92.5,55.6,33.6,,,,,,7.6,142.5
133,,,,,,,,,,,,,,,,4.5,7.2,9.1,9.9,11.7,103.6,118,92.4,55.5,33.6,,,,,,7.4,142.4
134,,,,,,,,,,,,,,,,4.3,7,8.9,9.6,10.3,103.6,117.9,92.2,55.4,33.5,,,,,,7.3,142.3
135,,,,,,,,,,,,,,,,4.2,6.8,8.7,9.4,9.4,103.6,117.7,92.1,55.3,33.5,,,,,,7.2,142.2
136,,,,,,,,,,,,,,,,4.1,6.7,8.5,9.3,8.7,103.5,117.6,91.9,55.2,33.4,,,,,,7,142.1
137,,,,,,,,,,,,,,,,4,6.5,8.3,9.1,8.3,103.4,117.5,91.7,55.1,33.3,,,,,,6.9,141.9
138,,,,,,,,,,,,,,,,3.9,6.4,8.1,8.9,7.9,103.3,117.4,91.5,55,33.3,,,,,,6.8,141.7
139,,,,,,,,,,,,,,,,3.8,6.2,7.9,8.7,7.7,103.2,117.2,91.4,54.9,33.3,,,,,,6.7,141.4
140,,,,,,,,,,,,,,,,3.8,6.1,7.7,8.5,7.5,103.1,117,91.2,54.8,33.1,,,,,,6.5,141.1
141,,,,,,,,,,,,,,,,3.7,5.9,7.5,8.4,7.3,102.9,116.8,91,54.7,33,,,,,,6.4,140.7
142,,,,,,,,,,,,,,,,3.6,5.8,7.4,8.2,7.1,102.7,116.6,90.8,54.5,33,,,,,,6.3,140.2
143,,,,,,,,,,,,,,,,3.6,5.7,7.2,8,7,102.3,116.4,90.6,54.4,32.9,,,,,,6.2,139.5
144,,,,,,,,,,,,,,,,3.5,5.6,7,7.9,6.9,102,116.1,90.4,54.3,32.8,,,,,,6.1,138.6
145,,,,,,,,,,,,,,,,3.4,5.5,6.9,7.7,6.7,101.3,115.7,90.2,54.1,32.8,,,,,,6,136.8
146,,,,,,,,,,,,,,,,3.3,5.3,6.7,7.6,6.6,100.6,115.4,89.9,54,32.7,,,,,,5.9,134.1
147,,,,,,,,,,,,,,,,3.3,5.2,6.6,7.4,6.5,99.2,115,89.7,53.9,32.6,,,,,,5.8,128.9
148,,,,,,,,,,,,,,,,3.2,5.1,6.5,7.3,6.4,97,114.5,89.5,53.8,32.6,,,,,,5.7,121.5
149,,,,,,,,,,,,,,,,3.1,5,6.4,7.1,6.3,92.1,113.9,89.2,53.6,32.5,,,,,,5.7,110.9
150,,,,,,,,,,,,,,,,3.1,4.9,6.2,7,6.2,84.6,113,88.9,53.5,32.4,,,,,,5.6,98.2
151,,,,,,,,,,,,,,,,3,4.8,6.1,6.9,6.1,74.1,112.1,88.6,53.3,32.3,,,,,,5.5,83.1
152,,,,,,,,,,,,,,,,,4.7,6,6.8,6,62.5,110.4,88.3,53.2,32.2,,,,,,,66.6
153,,,,,,,,,,,,,,,,,4.6,5.8,6.6,5.9,50.5,108.1,87.9,53.1,32.1,,,,,,,51.3
154,,,,,,,,,,,,,,,,,4.5,5.7,6.5,5.8,38.7,103.4,87.5,52.9,32.1,,,,,,,37.4
155,,,,,,,,,,,,,,,,,,5.6,6.4,5.7,28.6,96.3,87,52.8,32,,,,,,,28.3
156,,,,,,,,,,,,,,,,,,5.5,6.3,5.6,20.4,86,86.5,52.6,32,,,,,,,21.8
157,,,,,,,,,,,,,,,,,,5.4,6.2,5.5,15.8,74.3,85.8,52.5,31.9,,,,,,,19
158,,,,,,,,,,,,,,,,,,5.3,6.1,5.5,13.2,61.8,84.9,52.3,31.8,,,,,,,17
159,,,,,,,,,,,,,,,,,,5.2,6,5.4,11.8,49.5,84,52.1,31.7,,,,,,,16
160,,,,,,,,,,,,,,,,,,,5.9,5.3,10.9,38.7,82.4,52,31.6,,,,,,,15.1
161,,,,,,,,,,,,,,,,,,,5.8,5.2,10.3,29.6,79.8,51.8,31.5,,,,,,,14.6
162,,,,,,,,,,,,,,,,,,,5.6,5.1,9.7,23.8,75.7,51.5,31.4,,,,,,,14.1
163,,,,,,,,,,,,,,,,,,,5.5,5,9.4,20.2,69.3,51.3,31.3,,,,,,,13.7
164,,,,,,,,,,,,,,,,,,,5.4,4.9,9,18.3,61.7,51.1,31.2,,,,,,,13.4
165,,,,,,,,,,,,,,,,,,,5.4,4.9,8.8,17,53.2,50.9,31.1,,,,,,,13.1
166,,,,,,,,,,,,,,,,,,,5.3,4.8,8.6,16,44.7,50.7,31,,,,,,,12.9
167,,,,,,,,,,,,,,,,,,,5.2,4.7,8.3,15.2,36.5,50.5,30.9,,,,,,,12.7
168,,,,,,,,,,,,,,,,,,,5.1,4.6,8.1,14.6,29.6,50.3,30.9,,,,,,,12.4
169,,,,,,,,,,,,,,,,,,,5,4.6,7.9,14.1,24.2,50,30.8,,,,,,,12.2
170,,,,,,,,,,,,,,,,,,,,4.5,7.7,13.7,20.8,49.7,30.7,,,,,,,12
171,,,,,,,,,,,,,,,,,,,,4.4,7.6,13.2,18.8,49.3,30.6,,,,,,,11.8
172,,,,,,,,,,,,,,,,,,,,4.4,7.4,12.9,17.7,48.9,30.5,,,,,,,11.6
173,,,,,,,,,,,,,,,,,,,,4.3,7.2,12.5,16.7,48.4,30.3,,,,,,,11.5
174,,,,,,,,,,,,,,,,,,,,4.2,7.1,12.2,16,47.8,30.2,,,,,,,11.3
175,,,,,,,,,,,,,,,,,,,,4.2,6.9,11.9,15.4,46.6,30.1,,,,,,,11.1
176,,,,,,,,,,,,,,,,,,,,4.1,6.7,11.6,14.9,45.3,30,,,,,,,10.9
177,,,,,,,,,,,,,,,,,,,,4,6.6,11.3,14.5,43.2,29.8,,,,,,,10.7
178,,,,,,,,,,,,,,,,,,,,4,6.4,11,14.1,40,29.7,,,,,,,10.6
179,,,,,,,,,,,,,,,,,,,,3.9,6.2,10.7,13.7,36.3,29.6,,,,,,,10.4
180,,,,,,,,,,,,,,,,,,,,,6.1,10.5,13.4,32.1,29.5,,,,,,,10.3
181,,,,,,,,,,,,,,,,,,,,,6,10.2,13.1,27.8,29.3,,,,,,,10.1
182,,,,,,,,,,,,,,,,,,,,,5.8,10,12.8,23.8,29.2,,,,,,,10
183,,,,,,,,,,,,,,,,,,,,,5.7,9.7,12.5,20.3,29,,,,,,,9.9
184,,,,,,,,,,,,,,,,,,,,,5.6,9.5,12.2,17.5,28.8,,,,,,,9.8
185,,,,,,,,,,,,,,,,,,,,,5.5,9.3,11.9,16,28.7,,,,,,,9.6
186,,,,,,,,,,,,,,,,,,,,,5.3,9.1,11.6,14.5,28.4,,,,,,,9.5
187,,,,,,,,,,,,,,,,,,,,,5.2,8.9,11.3,13.8,28.2,,,,,,,9.3
188,,,,,,,,,,,,,,,,,,,,,5.1,8.6,11.1,13.2,27.8,,,,,,,9.2
189,,,,,,,,,,,,,,,,,,,,,5,8.4,10.9,12.8,27.4,,,,,,,9.1
190,,,,,,,,,,,,,,,,,,,,,4.9,8.2,10.6,12.4,26.7,,,,,,,8.9
191,,,,,,,,,,,,,,,,,,,,,4.8,8.1,10.4,12.1,26,,,,,,,8.8
192,,,,,,,,,,,,,,,,,,,,,4.7,7.9,10.2,11.8,24.6,,,,,,,8.7
193,,,,,,,,,,,,,,,,,,,,,4.6,7.7,10,11.5,23.1,,,,,,,8.5
194,,,,,,,,,,,,,,,,,,,,,4.5,7.5,9.8,11.3,21.1,,,,,,,8.4
195,,,,,,,,,,,,,,,,,,,,,4.4,7.4,9.6,11.1,18.9,,,,,,,8.3
196,,,,,,,,,,,,,,,,,,,,,4.3,7.2,9.4,10.9,16.7,,,,,,,8.1
197,,,,,,,,,,,,,,,,,,,,,4.3,7.1,9.2,10.7,14.7,,,,,,,8
198,,,,,,,,,,,,,,,,,,,,,4.2,6.9,9,10.5,12.9,,,,,,,7.9
199,,,,,,,,,,,,,,,,,,,,,4.1,6.8,8.8,10.3,11.5,,,,,,,7.8
200,,,,,,,,,,,,,,,,,,,,,4,6.6,8.6,10.1,10.6,,,,,,,7.7
201,,,,,,,,,,,,,,,,,,,,,3.9,6.5,8.4,9.9,9.9,,,,,,,7.6
202,,,,,,,,,,,,,,,,,,,,,3.8,6.4,8.3,9.8,9.5,,,,,,,7.5
203,,,,,,,,,,,,,,,,,,,,,,6.3,8.1,9.6,9.1,,,,,,,
204,,,,,,,,,,,,,,,,,,,,,,6.1,8,9.4,8.9,,,,,,,
205,,,,,,,,,,,,,,,,,,,,,,6,7.8,9.2,8.6,,,,,,,
206,,,,,,,,,,,,,,,,,,,,,,5.9,7.7,9.1,8.4,,,,,,,
207,,,,,,,,,,,,,,,,,,,,,,5.8,7.5,9,8.3,,,,,,,
208,,,,,,,,,,,,,,,,,,,,,,,7.4,8.8,8.1,,,,,,,
209,,,,,,,,,,,,,,,,,,,,,,,7.2,8.6,8,,,,,,,
210,,,,,,,,,,,,,,,,,,,,,,,7.1,8.5,7.9,,,,,,,
211,,,,,,,,,,,,,,,,,,,,,,,7,8.3,7.8,,,,,,,
212,,,,,,,,,,,,,,,,,,,,,,,6.8,8.2,7.6,,,,,,,
213,,,,,,,,,,,,,,,,,,,,,,,6.7,8.1,7.5,,,,,,,
214,,,,,,,,,,,,,,,,,,,,,,,6.6,7.9,7.4,,,,,,,
215,,,,,,,,,,,,,,,,,,,,,,,,7.8,7.3,,,,,,,
216,,,,,,,,,,,,,,,,,,,,,,,,7.7,7.2,,,,,,,
217,,,,,,,,,,,,,,,,,,,,,,,,7.6,7,,,,,,,
218,,,,,,,,,,,,,,,,,,,,,,,,7.4,6.9,,,,,,,
219,,,,,,,,,,,,,,,,,,,,,,,,7.3,6.8,,,,,,,
220,,,,,,,,,,,,,,,,,,,,,,,,7.2,6.7,,,,,,,
221,,,,,,,,,,,,,,,,,,,,,,,,7.1,6.6,,,,,,,
222,,,,,,,,,,,,,,,,,,,,,,,,6.9,6.5,,,,,,,
223,,,,,,,,,,,,,,,,,,,,,,,,6.8,6.4,,,,,,,
224,,,,,,,,,,,,,,,,,,,,,,,,6.7,6.3,,,,,,,
225,,,,,,,,,,,,,,,,,,,,,,,,6.6,6.2,,,,,,,
226,,,,,,,,,,,,,,,,,,,,,,,,6.5,6.2,,,,,,,
227,,,,,,,,,,,,,,,,,,,,,,,,6.4,6.1,,,,,,,
228,,,,,,,,,,,,,,,,,,,,,,,,6.3,6,,,,,,,
229,,,,,,,,,,,,,,,,,,,,,,,,6.2,5.9,,,,,,,
230,,,,,,,,,,,,,,,,,,,,,,,,,5.8,,,,,,,
231,,,,,,,,,,,,,,,,,,,,,,,,,5.7,,,,,,,
232,,,,,,,,,,,,,,,,,,,,,,,,,5.6,,,,,,,
233,,,,,,,,,,,,,,,,,,,,,,,,,5.6,,,,,,,
234,,,,,,,,,,,,,,,,,,,,,,,,,5.5,,,,,,,
235,,,,,,,,,,,,,,,,,,,,,,,,,5.4,,,,,,,
