0,1,2,3,4,5,6,7,8,9,10,11,12,13,14,15,16,17,18,19,20,21,22,23,24,25,26,27,28,29,30,31,32,33,34,35,36,37,38,39,40,41,42,43,44,45,46,47,48,49,50,51,52,53,54,55,56
Scan Type:,Depth Dose,Depth Dose,Depth Dose,Depth Dose,Depth Dose,Depth Dose,Depth Dose,Depth Dose,Depth Dose,Depth Dose,Depth Dose,Depth Dose,Depth Dose,Depth Dose,Depth Dose,Depth Dose,Depth Dose,Depth Dose,Depth Dose,Depth Dose,Depth Dose,Depth Dose,Depth Dose,Depth Dose,Depth Dose,Depth Dose,Depth Dose,Depth Dose,Depth Dose,Depth Dose,Depth Dose,Depth Dose,Depth Dose,Depth Dose,Depth Dose,Depth Dose,Depth Dose,Depth Dose,Depth Dose,Depth Dose,Depth Dose,Depth Dose,Depth Dose,Depth Dose,Depth Dose,Depth Dose,Depth Dose,Depth Dose,Depth Dose,Depth Dose,Depth Dose,Depth Dose,Depth Dose,Depth Dose,Depth Dose,Depth Dose
Radiation Type:,Photons,Photons,Photons,Photons,Photons,Photons,Photons,Photons,Photons,Photons,Photons,Photons,Photons,Photons,Photons,Photons,Photons,Photons,Photons,Photons,Photons,Photons,Photons,Photons,Photons,Photons,Photons,Photons,Photons,Photons,Photons,Photons,Photons,Photons,Photons,Photons,Photons,Photons,Photons,Photons,Photons,Photons,Photons,Photons,Photons,Photons,Photons,Photons,Photons,Photons,Photons,Photons,Photons,Photons,Photons,Photons
Energy:,6 MV,6 MV,6 MV,6 MV,6 MV,6 MV,6 MV,6 MV,6 MV,6 MV,6 MV,6 MV,6 MV,6 MV,6 MV (FFF),6 MV (FFF),6 MV (FFF),6 MV (FFF),6 MV (FFF),6 MV (FFF),6 MV (FFF),6 MV (FFF),6 MV (FFF),6 MV (FFF),6 MV (FFF),6 MV (FFF),6 MV (FFF),6 MV (FFF),10 MV,10 MV,10 MV,10 MV,10 MV,10 MV,10 MV,10 MV,10 MV,10 MV,10 MV,10 MV,10 MV,10 MV,10 MV (FFF),10 MV (FFF),10 MV (FFF),10 MV (FFF),10 MV (FFF),10 MV (FFF),10 MV (FFF),10 MV (FFF),10 MV (FFF),10 MV (FFF),10 MV (FFF),10 MV (FFF),10 MV (FFF),10 MV (FFF)
Fieldsize:,10 x 10 mm,10 x 10 mm,20 x 20 mm,20 x 20 mm,30 x 30 mm,30 x 30 mm,40 x 40 mm,40 x 40 mm,50 x 50 mm,50 x 50 mm,70 x 70 mm,70 x 70 mm,100 x 100 mm,100 x 100 mm,10 x 10 mm,10 x 10 mm,20 x 20 mm,20 x 20 mm,30 x 30 mm,30 x 30 mm,40 x 40 mm,40 x 40 mm,50 x 50 mm,50 x 50 mm,70 x 70 mm,70 x 70 mm,100 x 100 mm,100 x 100 mm,10 x 10 mm,10 x 10 mm,20 x 20 mm,20 x 20 mm,30 x 30 mm,30 x 30 mm,40 x 40 mm,40 x 40 mm,50 x 50 mm,50 x 50 mm,70 x 70 mm,70 x 70 mm,100 x 100 mm,100 x 100 mm,10 x 10 mm,10 x 10 mm,20 x 20 mm,20 x 20 mm,30 x 30 mm,30 x 30 mm,40 x 40 mm,40 x 40 mm,50 x 50 mm,50 x 50 mm,70 x 70 mm,70 x 70 mm,100 x 100 mm,100 x 100 mm
Depth:,60.0 mm,350.0 mm,60.0 mm,350.0 mm,60.0 mm,350.0 mm,60.0 mm,350.0 mm,60.0 mm,350.0 mm,60.0 mm,350.0 mm,60.0 mm,350.0 mm,60.0 mm,350.0 mm,60.0 mm,350.0 mm,60.0 mm,350.0 mm,60.0 mm,350.0 mm,60.0 mm,350.0 mm,60.0 mm,350.0 mm,60.0 mm,350.0 mm,60.0 mm,350.0 mm,60.0 mm,350.0 mm,60.0 mm,350.0 mm,60.0 mm,350.0 mm,60.0 mm,350.0 mm,60.0 mm,350.0 mm,60.0 mm,350.0 mm,60.0 mm,350.0 mm,60.0 mm,350.0 mm,60.0 mm,350.0 mm,60.0 mm,350.0 mm,60.0 mm,350.0 mm,60.0 mm,350.0 mm,60.0 mm,350.0 mm
,Color [Gold],Color [ForestGreen],Color [CornflowerBlue],Color [Brown],Color [DarkOrange],Color [DarkOliveGreen],Color [DarkTurquoise],Color [DarkRed],Color [DarkOrchid],Color [DarkGreen],Color [DarkGoldenrod],Color [DarkBlue],Color [DarkCyan],Color [DarkMagenta],Color [SlateBlue],Color [MediumVioletRed],Color [Orange],Color [Teal],Color [Blue],Color [DeepPink],Color [Gold],Color [ForestGreen],Color [CornflowerBlue],Color [Brown],Color [DarkOrange],Color [DarkOliveGreen],Color [DarkTurquoise],Color [DarkRed],Color [DarkTurquoise],Color [DarkRed],Color [DarkOrchid],Color [DarkGreen],Color [DarkGoldenrod],Color [DarkBlue],Color [DarkCyan],Color [DarkMagenta],Color [SlateBlue],Color [MediumVioletRed],Color [Orange],Color [Teal],Color [Blue],Color [DeepPink],Color [DarkCyan],Color [DarkMagenta],Color [Gold],Color [ForestGreen],Color [CornflowerBlue],Color [Brown],Color [DarkOrange],Color [DarkOliveGreen],Color [DarkTurquoise],Color [DarkRed],Color [DarkOrchid],Color [DarkGreen],Color [DarkGoldenrod],Color [DarkBlue]
Coordinate [mm]:,,,,,,,,,,,,,,,,,,,,,,,,,,,,,,,,,,,,,,,,,,,,,,,,,,,,,,,,
-4,72.3,,74.6,,75.8,,77.7,,79.7,,82.9,,87.2,,202,,208,,211.2,,213.1,,216.8,,220.6,,226.9,,46.7,,48.6,,49.7,,51.3,,52.8,,56.3,,61.2,,249.8,,257.8,,261.8,,266.1,,270.7,,278.1,,288.3,
-3,72.2,,74.6,,75.7,,77.6,,79.4,,82.7,,87.1,,201.5,,207.9,,211.2,,212.9,,216.6,,220.7,,226.8,,46.7,,48.5,,49.7,,51.1,,52.8,,56.2,,61.2,,249.3,,257.4,,261.8,,266.1,,270.4,,277.5,,287.9,
-2,72,,74.4,,75.7,,77.7,,79.4,,82.6,,87,,201.4,,207.5,,211.1,,212.5,,216.4,,220.5,,226.7,,46.5,,48.5,,49.6,,51.1,,52.8,,56,,61.2,,249,,257.3,,261.4,,265.6,,270.3,,277.5,,287.7,
-1,72.1,,74.4,,75.6,,77.5,,79.2,,82.6,,87,,201.2,,207.4,,210.8,,212.4,,216.6,,220.3,,226.7,,46.6,,48.4,,49.6,,51,,52.8,,56,,60.9,,248.6,,256.9,,261.3,,265.2,,269.8,,277.3,,287.8,
0,71.8,,74.3,,75.5,,77.4,,79.3,,82.7,,87,,200.7,,207,,210.7,,212.7,,216.2,,220.3,,227,,46.5,,48.2,,49.5,,51,,52.7,,56,,61,,248.3,,256.7,,260.9,,265.2,,269.7,,277.3,,287.6,
1,71.9,,74.3,,75.4,,77.5,,79.3,,82.6,,87.1,,200.6,,207,,210.6,,212.5,,216.4,,220.5,,227,,46.4,,48.3,,49.5,,51,,52.6,,56.1,,61,,247.9,,256.5,,260.9,,265.3,,270.1,,277.6,,287.8,
2,71.7,,74.1,,75.6,,77.2,,79.2,,82.7,,87.2,,200.1,,206.8,,210.1,,212.5,,216.1,,220.6,,227.4,,46.4,,48.2,,49.5,,51,,52.8,,56.1,,61.2,,247.4,,256.5,,260.9,,265.5,,269.9,,277.9,,288.1,
3,75.4,,77.6,,78.9,,80.5,,82.1,,85.3,,89.5,,204,,210,,222.2,,225.4,,228.1,,233.7,,239.9,,51.4,,53.3,,54.6,,56,,57.7,,61.1,,66,,259.4,,274.1,,277.6,,281,,285.1,,292.3,,302,
4,83.8,,86.4,,87.6,,89.4,,91.1,,94.4,,98.4,,221.7,,228.3,,238.5,,241.7,,244.6,,250.3,,256.1,,59.1,,61.5,,62.7,,64.3,,66.1,,69.7,,74.7,,290.5,,305.9,,309.6,,313.6,,317.3,,324.7,,334.5,
5,90,,93.1,,94.6,,96.1,,97.9,,101.1,,105.3,,234.3,,242.2,,250.4,,253.7,,256.5,,261.6,,267.6,,65.4,,68.3,,69.7,,71.3,,73.1,,76.7,,81.6,,315,,331.9,,335.8,,339.7,,343.5,,351,,360.4,
6,94.4,,98,,99.6,,101.2,,102.9,,106.2,,110.1,,242.6,,252,,259.1,,262.5,,265.5,,270.5,,276.2,,70.4,,74.1,,75.6,,77.1,,78.9,,82.6,,87.6,,333.8,,352.8,,356.8,,360.8,,365,,372.6,,381.6,
7,97.5,,101.9,,103.5,,105.1,,106.9,,110.1,,113.8,,248.7,,259.1,,265.2,,268.7,,271.7,,276.8,,282.2,,74.6,,79,,80.7,,82,,83.9,,87.7,,92.6,,348.7,,370.3,,374.7,,378.4,,382.4,,389.8,,399.1,
8,99.7,,104.9,,106.4,,108.1,,109.8,,113,,116.7,,252.1,,264.2,,269.8,,273.2,,276.2,,281.5,,286.9,,77.8,,83.1,,84.7,,86.4,,88.3,,92,,96.9,,360,,384.9,,389.5,,393.8,,397.4,,404.5,,413.5,
9,101.1,,106.9,,108.5,,110.3,,112,,115.2,,118.9,,254.4,,268,,273,,276.5,,279.7,,284.5,,290.3,,80.3,,86.7,,88.3,,90.1,,91.8,,95.7,,100.4,,368.9,,396.7,,401.7,,406.1,,410,,417.1,,425.6,
10,102.1,,108.3,,110,,111.7,,113.6,,116.7,,120.3,,255.3,,270.6,,275.2,,278.8,,281.9,,286.8,,292.2,,82.3,,89.6,,91.5,,93.3,,95,,98.9,,103.3,,375.6,,406.8,,412.2,,416.5,,420.5,,427.1,,435.9,
11,102.6,,109.5,,111.1,,112.9,,114.6,,117.8,,121.1,,255.8,,272.1,,276.7,,280.3,,283.3,,288,,293.4,,83.8,,92.2,,94.1,,95.7,,97.6,,101.4,,105.9,,380.4,,415,,421.1,,425.4,,429.1,,436.3,,444.6,
12,102.8,,110.1,,111.9,,113.6,,115.5,,118.6,,121.8,,255.6,,272.7,,277.1,,281,,284,,289.2,,294.4,,85,,94.3,,96.3,,98.1,,100,,103.6,,108,,383.9,,421.9,,427.9,,432.3,,436.2,,443.8,,451.6,
13,102.8,,110.4,,112.4,,114.2,,116,,119,,122.4,,255,,272.9,,277.7,,281.1,,284.2,,289.5,,294.6,,85.9,,96.2,,98.2,,100,,101.9,,105.3,,109.7,,386.8,,427.5,,434.4,,439,,443,,449.6,,457.3,
14,102.4,,110.7,,112.5,,114.4,,116.2,,119.1,,122.5,,254.1,,272.6,,277.4,,281.1,,284.2,,289.6,,294.7,,86.6,,97.6,,99.8,,101.7,,103.3,,106.9,,111.2,,388.3,,432.1,,439.4,,444.2,,448,,454.7,,462.2,
15,102.1,,110.5,,112.7,,114.3,,116,,119.2,,122.3,,252.9,,272,,276.7,,280.9,,283.9,,288.9,,294,,87,,98.7,,101.3,,103.1,,104.9,,108.4,,112.3,,389.4,,435.5,,443,,448.2,,452.1,,458.5,,466.3,
16,101.8,,110.3,,112.5,,114.2,,116.1,,119.1,,122.3,,251.3,,271.2,,275.9,,279.6,,283,,288.3,,293,,87.2,,99.7,,102.4,,104.1,,105.9,,109.5,,113.7,,389.2,,438.5,,446.6,,451.6,,455.4,,462.3,,469.2,
17,101.3,,110,,112.2,,113.9,,115.9,,118.9,,122,,249.6,,269.7,,274.9,,278.5,,282.3,,287.2,,292.4,,87.3,,100.5,,103.2,,104.9,,107,,110.3,,114.3,,389.3,,439.6,,449.1,,454.4,,458.1,,464.5,,472.3,
18,100.6,,109.5,,111.9,,113.6,,115.4,,118.5,,121.8,,248.2,,268.4,,273.7,,277.8,,280.7,,286.1,,292,,87.3,,100.9,,103.8,,105.9,,107.8,,111,,114.9,,388.9,,441.3,,451.1,,456.3,,460.2,,466.6,,473.7,
19,100.1,,109.2,,111.3,,113.1,,115,,118,,121.3,,246.6,,267.1,,272.3,,276.1,,280.1,,285,,290.3,,87.4,,101.3,,104.4,,106.2,,108.2,,111.5,,115.4,,387.5,,442,,453.2,,457.7,,461.8,,468.4,,475.3,
20,99.4,,108.7,,110.9,,112.9,,114.7,,117.6,,120.9,,244.8,,265.7,,270.9,,275.2,,278.3,,283.9,,289.4,,87.1,,101.8,,104.9,,106.8,,108.5,,111.9,,115.7,,386.7,,442.4,,453.3,,458.9,,462.5,,469.6,,476.1,
21,98.7,,108,,110.3,,112.3,,114,,117.2,,120.5,,242.8,,264,,269.1,,273.3,,277.3,,282.3,,288.1,,86.9,,101.8,,105.3,,107.1,,109.1,,112.2,,116,,385.5,,442.5,,453.8,,459.3,,463.7,,470.2,,476.8,
22,98,,107.4,,109.9,,111.8,,113.5,,116.7,,120,,241.2,,262.2,,267.8,,272,,275.3,,281.1,,286.8,,86.7,,102,,105.5,,107.5,,109.2,,112.5,,116.1,,383.9,,442,,454.2,,459.6,,464,,470.3,,477.1,
23,97.4,,106.7,,109.3,,111.2,,113,,116,,119.4,,239.2,,260.3,,266.2,,270.5,,274.3,,280.1,,285.4,,86.4,,101.7,,105.3,,107.5,,109.4,,112.4,,116.1,,382.2,,440.7,,453.4,,459.3,,463.5,,469.9,,476.6,
24,96.9,,106.2,,108.8,,110.9,,112.4,,115.7,,118.9,,237.7,,258.7,,264.4,,268.9,,272.7,,278.5,,284.3,,86.1,,101.8,,105.6,,107.5,,109.3,,112.6,,116.1,,380.2,,440.1,,453.2,,458.8,,463.6,,470,,476.6,
25,96.2,,105.7,,107.9,,110,,111.9,,115.1,,118.3,,235.8,,257,,262.8,,267.4,,271.2,,277,,282.9,,85.8,,101.5,,105.5,,107.5,,109.4,,112.4,,116,,378.8,,438.8,,452.4,,458.4,,462.7,,468.8,,475.7,
26,95.7,,104.9,,107.6,,109.6,,111.3,,114.6,,118.1,,234.3,,255.2,,261.4,,265.7,,269.9,,275.6,,281.8,,85.4,,101.3,,105.3,,107.5,,109.2,,112.3,,115.7,,376.7,,437.5,,450.9,,458,,462,,468.2,,475,
27,95,,104.4,,106.8,,109,,110.9,,114.1,,117.4,,232.4,,253.6,,259.4,,264.5,,268.5,,274.3,,280.4,,85,,101.1,,105,,107.1,,109,,112.3,,115.6,,374.5,,436.1,,450.4,,456.5,,460.8,,467.5,,473.7,
28,94.4,,103.6,,106.3,,108.4,,110.4,,113.7,,116.9,,230.5,,251.7,,258,,262.8,,266.7,,273.2,,279.2,,84.8,,100.7,,104.9,,106.9,,108.9,,111.9,,115.3,,372.3,,433.7,,448.7,,454.8,,459.7,,465.6,,472.6,
29,93.7,,102.8,,105.8,,107.8,,109.6,,113,,116.4,,228.8,,250.2,,256.3,,261.1,,265.6,,271.2,,277.6,,84.2,,100.4,,104.5,,106.8,,108.6,,111.5,,115,,370.6,,431.9,,447,,453.5,,457.8,,464.5,,471.3,
30,93,,102.2,,105.1,,107.2,,109.1,,112.5,,116,,227.3,,248.4,,254.8,,259.6,,263.8,,270.1,,276.1,,83.7,,100.1,,104.3,,106.3,,108.2,,111.3,,114.6,,368,,430.6,,445.3,,451.7,,456.2,,463.5,,469.6,
31,92.3,,101.7,,104.4,,106.7,,108.7,,111.8,,115.4,,225.5,,246.9,,252.9,,258,,262.6,,268.4,,274.8,,83.3,,99.4,,103.9,,106.1,,107.9,,111,,114.5,,366.3,,428.3,,443.3,,449.9,,455.3,,461.4,,468.4,
32,91.8,,100.9,,103.8,,106.1,,108,,111.3,,114.8,,223.7,,244.7,,251.6,,256.6,,261,,267.3,,273.6,,82.9,,99.1,,103.7,,105.7,,107.5,,110.6,,114,,364.1,,425.7,,441.4,,448.6,,453.3,,460.2,,466.7,
33,91.2,,100.3,,103.1,,105.4,,107.5,,110.9,,114.3,,222,,243.1,,249.8,,255,,259.5,,265.5,,272.2,,82.7,,98.7,,103.1,,105.4,,107.2,,110.2,,113.7,,361.7,,423.9,,439.8,,446.7,,451.4,,458.1,,464.7,
34,90.6,,99.8,,102.6,,104.9,,107,,110.1,,113.6,,220.6,,241.4,,248,,253,,257.8,,264.2,,270.9,,82.1,,98.4,,102.5,,104.8,,106.8,,109.9,,113.2,,359.6,,421.3,,437.4,,444.5,,449.5,,456.1,,463.1,
35,90,,99.2,,102.2,,104.1,,106.3,,109.6,,113.4,,218.7,,239.9,,246.4,,251.9,,256.3,,262.8,,269.6,,81.7,,97.9,,102.1,,104.5,,106.4,,109.5,,112.8,,357.8,,419.6,,435.6,,442.6,,447.7,,454.8,,461.4,
36,89.3,,98.5,,101.7,,103.6,,105.6,,109.3,,112.9,,217.1,,238.1,,244.8,,250.5,,254.4,,261.5,,268.2,,81.3,,97.5,,101.7,,104,,105.9,,109.2,,112.2,,355.3,,417.5,,433,,440.9,,445.5,,452.5,,459.2,
37,88.9,,98,,100.8,,103.1,,105.2,,108.7,,112.3,,215.5,,236.2,,243.2,,248.7,,253.2,,260,,266.9,,80.8,,97,,101.2,,103.6,,105.3,,108.5,,111.9,,352.9,,414.5,,430.7,,438.3,,443.6,,450.7,,457.8,
38,88.3,,97.1,,100.2,,102.4,,104.6,,108.2,,111.8,,213.5,,234.5,,241.5,,246.9,,251.6,,258.8,,265.2,,80.5,,96.6,,100.8,,103.4,,105.1,,108.2,,111.6,,351.1,,412.3,,428.5,,436.4,,441.2,,448.5,,455.7,
39,87.5,,96.7,,99.6,,101.7,,104.1,,107.5,,111.3,,212.7,,233.2,,239.8,,245.4,,250.1,,257.3,,264.1,,79.9,,96,,100.4,,102.7,,104.6,,107.8,,111,,349.2,,410.2,,426.1,,433.9,,439.3,,446.7,,453.8,
40,86.8,,96,,99.1,,101.3,,103.6,,107.1,,110.7,,211,,231.5,,238.2,,244,,248.6,,255.7,,262.7,,79.4,,95.4,,99.9,,102.4,,104.1,,107.4,,110.7,,347.2,,407.8,,424.1,,432.1,,437.2,,444.2,,451.6,
41,86.5,,95.4,,98.4,,100.8,,103,,106.7,,110.4,,209.4,,229.5,,236.4,,242.3,,247.1,,254.1,,261.6,,79,,95.1,,99.2,,101.7,,103.5,,106.7,,110.4,,344.5,,405.6,,421.5,,429.7,,434.8,,442.4,,449.3,
42,86,,94.9,,97.8,,100.2,,102.1,,105.9,,109.7,,207.5,,228.3,,235.1,,240.7,,245.8,,253,,260.2,,78.6,,94.4,,99,,101.2,,103.1,,106.4,,110.1,,342.3,,403.3,,419.6,,427.5,,432.7,,440.5,,447.4,
43,85.1,,94.3,,97.1,,99.5,,101.7,,105.5,,109.3,,206.5,,226.2,,233.4,,239.3,,244.2,,251,,258.8,,78.2,,94,,98.4,,100.7,,102.6,,106.1,,109.3,,340.3,,400.7,,417.1,,425.1,,430.6,,438.2,,445.5,
44,84.7,,93.5,,96.7,,99.1,,101.3,,104.9,,108.7,,204.7,,225.1,,231.9,,237.5,,242.5,,250,,257.5,,77.9,,93.5,,97.9,,100.4,,102.1,,105.5,,108.9,,338.2,,398.6,,415,,422.8,,428.4,,436.3,,443.6,
45,84.1,,93,,96,,98.5,,100.6,,104.4,,108,,203,,223.3,,230.4,,236.3,,241.2,,248.4,,256.3,,77.3,,93,,97.5,,100,,101.7,,104.8,,108.4,,336.3,,396,,412.8,,420.5,,426.3,,434.1,,441.6,
46,83.4,,92.4,,95.4,,97.9,,100.4,,103.8,,107.7,,201.5,,221.6,,228.8,,234.7,,239.7,,247.2,,254.7,,77,,92.4,,96.8,,99.4,,101.5,,104.5,,108,,334.3,,393.6,,410.2,,418.7,,424.2,,432.1,,439.7,
47,82.9,,91.9,,94.9,,97.3,,99.6,,103.3,,107.1,,200.1,,220.1,,226.8,,232.9,,238.3,,245.5,,253.3,,76.5,,92,,96.5,,98.8,,100.9,,104.1,,107.6,,332,,391.6,,407.7,,415.9,,421.6,,429.9,,437.8,
48,82.4,,91,,94.3,,96.8,,99.1,,102.7,,106.5,,198.9,,218.6,,225.7,,231.6,,236.7,,244.6,,252,,75.9,,91.4,,96,,98.5,,100.7,,103.8,,107.3,,330,,389.3,,405.8,,414.1,,419.6,,427.7,,435.8,
49,81.7,,90.3,,93.7,,96.2,,98.3,,102.3,,106.2,,197,,216.6,,223.9,,229.8,,235,,243,,250.8,,75.7,,91.2,,95.4,,97.9,,100,,103.1,,106.7,,327.7,,386.9,,403.3,,412.3,,417.3,,425.5,,433,
50,81.3,,89.9,,93.2,,95.7,,98,,101.4,,105.5,,195.7,,215.1,,222.6,,228.3,,233.9,,241.9,,249.3,,75.3,,90.6,,95,,97.6,,99.5,,102.7,,106.3,,325.9,,384.6,,401,,409.6,,415.9,,423.8,,432.2,
51,80.6,80.7,89.5,89.3,92.5,92.5,95,94.8,97.4,97.4,101.3,101.1,105,105.2,194,194.2,213.9,213.7,221,221.2,227.2,226.6,232.2,232.5,240.3,239.8,247.9,247.9,75,75,90.1,90,94.7,94.5,97,97,99.2,99,102.3,102.2,105.9,105.8,324.1,323.8,382,382,399.2,398.8,407.1,406.8,413,413.3,421.7,421.7,429.6,429.6
52,80.3,80.4,88.7,88.9,92,91.7,94.6,94.3,96.8,96.8,100.4,100.6,104.4,104.7,193,192.8,212.2,212.2,219.3,219.7,225.9,224.9,230.9,231.1,239.2,238.4,246.8,246.5,74.4,74.5,89.8,89.5,94.1,93.9,96.5,96.6,98.5,98.6,101.6,101.8,105.3,105.2,322.2,321.5,380.2,379.8,396.2,396.2,405.3,404.5,411,411.5,419.2,419.6,427.8,428
53,79.6,79.9,88.2,88.3,91.5,91.4,94,93.9,96.3,96.1,100.1,100.1,104,104.2,191.2,191.2,210.7,210.4,218.2,217.8,224.1,223.8,229.1,229.6,237.6,237.1,245.4,245.1,74,74.1,89.2,89.1,93.6,93.4,95.9,96.1,98.1,98,101.3,101.3,105,104.8,320.2,319.5,378,377.8,394.3,394.2,402.7,402.5,409.2,409.6,417.5,417.7,425.2,425.6
54,79,79.3,87.6,87.7,90.8,91,93.2,93.5,95.7,95.5,99.6,99.5,103.4,103.7,189.5,189.7,209.1,208.7,216.7,216,222.9,222.6,227.8,228.1,236.2,235.9,243.8,243.8,73.6,73.7,88.7,88.7,93.1,93,95.7,95.6,97.7,97.4,100.9,100.9,104.6,104.4,318.1,317.6,376.2,375.8,392.4,392.1,400.9,400.5,406.8,407.6,415.3,415.6,423.5,423.3
55,78.8,78.6,87.3,87.1,90.3,90.4,93,92.9,95.2,95,99,98.9,103,103,188.3,188.5,207.7,207.5,214.9,215,221.3,221,226.5,226.6,234.2,234.5,242.4,242.7,73.3,73.3,88.3,88.1,92.7,92.6,95,95.1,97,97.1,100.4,100.5,104.2,104,315.9,316,373.6,373.6,390.2,389.6,398.2,398.4,404.6,405.4,413.3,413.1,421.3,421.2
56,78.1,77.9,86.6,86.5,89.9,89.8,92.2,92.3,94.6,94.5,98.4,98.3,102.5,102.4,186.8,187.2,206.3,206.2,213.5,213.7,219.7,219.5,224.9,225.2,233.4,233.1,241.4,241.5,72.9,72.9,87.8,87.6,92.3,92.2,94.5,94.5,96.7,96.7,100.2,100.1,103.6,103.6,314.4,314.4,371.3,371.4,387.7,387.2,396.3,396.4,402.3,403.1,411.2,410.7,419.2,419.1
57,77.6,77.5,85.9,85.9,89.2,89.1,91.8,91.8,94.1,93.9,98,97.7,101.9,101.9,185.7,185.5,204.6,204.7,212.3,211.9,218.1,217.9,223.7,223.9,231.8,231.7,240.1,239.9,72.5,72.5,87.3,87.2,91.7,91.8,94.4,94.1,96.3,96.3,99.5,99.5,103.2,103.2,312.3,312.2,369,369.2,385.4,385.3,394.3,394.2,400.4,400.5,408.9,408.9,417.9,417.4
58,76.8,77.1,85.3,85.2,88.5,88.5,91.2,91.3,93.6,93.4,97.3,97.3,101.4,101.5,183.9,183.9,203.2,203.3,210.6,210.2,216.9,216.4,222.3,222.5,230.2,230.3,238.6,238.4,72,72.1,86.8,86.7,91.1,91.3,93.8,93.6,95.8,95.8,99.2,99,102.6,102.8,310.4,310.1,367.2,367,383.3,383.4,391.8,392,398.3,398,407.1,406.9,415.8,415.6
59,76.4,76.5,84.9,84.8,88.1,88,90.6,90.7,92.9,93,97,96.8,101,101,183,182.9,201.6,201.9,209.1,208.7,215.5,215.1,221,220.9,229.2,228.7,237.6,237.1,71.7,71.7,86.4,86.1,90.7,90.9,93.4,93.3,95.4,95.3,98.5,98.6,102.3,102.3,308.5,308.1,365,364.9,381.2,381.1,389.6,390.1,396,396,405.1,404.7,413.4,413.7
60,,75.9,,84.4,,87.5,,90.2,,92.6,,96.4,,100.5,,181.8,,200.4,,207.2,,213.7,,219.4,,227.1,,235.9,,71.2,,85.7,,90.4,,92.8,,94.9,,98.2,,101.9,,306.1,,362.8,,378.9,,388.1,,394,,402.6,,411.8
61,,75.5,,83.8,,86.9,,89.6,,91.9,,95.7,,99.9,,180.6,,198.9,,205.9,,212.1,,218.1,,225.7,,234.6,,70.7,,85.5,,89.9,,92.3,,94.4,,97.7,,101.5,,304.4,,360.7,,376.7,,385.8,,392.1,,400.8,,410.1
62,,75,,83.2,,86.4,,89,,91.3,,95.1,,99.3,,179.3,,197.4,,204.5,,210.5,,216.6,,224.4,,233.4,,70.3,,85.2,,89.4,,91.8,,93.9,,97.3,,101.1,,302.7,,358.6,,374.6,,383.5,,390,,398.9,,408.3
63,,74.5,,82.7,,85.9,,88.4,,90.8,,94.9,,98.9,,177.8,,195.9,,202.8,,209.1,,215,,223.3,,232.2,,69.9,,84.5,,89,,91.5,,93.4,,96.9,,100.7,,300.8,,356.5,,372.5,,381.5,,387.5,,396.9,,406.2
64,,73.9,,82.2,,85.4,,87.8,,90.3,,94.6,,98.4,,176.3,,194.4,,201.2,,207.7,,213.4,,222.1,,231,,69.6,,83.8,,88.5,,91.1,,92.9,,96.6,,100.2,,298.9,,354.5,,370.3,,379.4,,385.1,,394.9,,404.1
65,,73.5,,81.5,,84.8,,87.3,,89.8,,93.9,,97.9,,174.8,,193.2,,200,,206.3,,212.1,,220.5,,229.6,,69.2,,83.4,,88,,90.6,,92.6,,96.2,,99.7,,297.1,,352.4,,368.5,,377.4,,383.4,,392.8,,402
66,,73,,80.9,,84.2,,86.9,,89.2,,93.3,,97.3,,173.4,,191.9,,198.9,,205,,210.8,,219,,228.3,,68.8,,83,,87.5,,90.1,,92.2,,95.8,,99.2,,295.4,,350.3,,366.5,,375.3,,381.6,,390.7,,400
67,,72.4,,80.4,,83.6,,86.4,,88.7,,92.7,,96.8,,172.1,,190.4,,197.7,,203.6,,209.5,,218.2,,227.1,,68.4,,82.7,,86.9,,89.6,,91.8,,95.3,,98.8,,293.5,,348,,364.1,,373.2,,379.7,,388.9,,398.5
68,,71.9,,80,,83.1,,85.9,,88.1,,92.1,,96.3,,170.9,,189,,196.5,,202.3,,208.1,,217.2,,226,,68,,82.2,,86.4,,89.2,,91.3,,94.8,,98.4,,291.7,,345.7,,361.9,,371.1,,377.8,,387.1,,396.9
69,,71.6,,79.5,,82.8,,85.2,,87.7,,91.7,,95.8,,169.5,,187.9,,194.8,,201.2,,207,,215.5,,224.7,,67.7,,81.8,,86.1,,88.7,,91,,94.3,,97.8,,290,,343.6,,360,,368.9,,375.4,,385.1,,394.1
70,,71.2,,79,,82.4,,84.5,,87.2,,91.3,,95.4,,168.2,,186.7,,193.2,,200,,205.8,,213.9,,223.4,,67.4,,81.3,,85.8,,88.3,,90.5,,93.9,,97.3,,288.3,,341.6,,358.2,,366.8,,373.1,,383,,391.6
71,,70.6,,78.5,,81.7,,84.1,,86.6,,90.7,,94.9,,167.1,,185.3,,192.2,,198.6,,204.2,,212.7,,222.1,,67.1,,80.9,,85.4,,87.9,,89.9,,93.5,,96.9,,286.7,,339.7,,356.2,,365,,370.9,,381,,390.1
72,,70.1,,78,,81,,83.7,,86.1,,90.2,,94.4,,166,,183.9,,191,,197.2,,202.6,,211.6,,220.8,,66.8,,80.5,,84.9,,87.4,,89.3,,93,,96.6,,285,,337.7,,354.2,,363,,368.9,,379,,388.5
73,,69.7,,77.4,,80.6,,83.2,,85.7,,89.7,,94,,164.7,,182.5,,189.4,,195.8,,201.1,,210.4,,219.5,,66.4,,80.1,,84.4,,86.9,,89,,92.6,,96.2,,283.2,,335.9,,352.2,,360.7,,367.4,,376.8,,386.6
74,,69.2,,76.8,,80.2,,82.7,,85.2,,89.2,,93.6,,163.4,,181.1,,187.9,,194.4,,199.7,,209.1,,218.2,,66,,79.8,,83.9,,86.4,,88.7,,92.2,,95.8,,281.3,,334,,350.2,,358.5,,365.9,,374.8,,384.7
75,,68.8,,76.3,,79.5,,82.1,,84.8,,88.8,,93.2,,162.5,,179.9,,186.8,,193.2,,198.6,,208,,216.9,,65.6,,79.4,,83.6,,86,,88.3,,91.7,,95.4,,279.6,,332,,348,,356.7,,363.8,,373.2,,382.9
76,,68.4,,75.9,,78.9,,81.6,,84.4,,88.3,,92.8,,161.6,,178.7,,185.6,,192,,197.5,,206.8,,215.5,,65.1,,78.9,,83.3,,85.7,,88,,91.3,,95,,277.8,,330,,345.8,,354.9,,361.7,,371.6,,381
77,,68.1,,75.5,,78.4,,81.4,,83.8,,87.9,,92.2,,160.3,,177.3,,184.4,,190.8,,196,,205.3,,214.1,,64.7,,78.6,,82.8,,85.4,,87.5,,90.8,,94.5,,276.3,,328.2,,343.9,,352.9,,359.6,,369.1,,379.1
78,,67.7,,75,,77.9,,81.1,,83.1,,87.4,,91.6,,158.9,,176,,183.2,,189.5,,194.6,,203.9,,212.8,,64.3,,78.2,,82.4,,85.1,,87,,90.4,,94.1,,274.8,,326.3,,341.9,,350.9,,357.5,,366.8,,377.2
79,,67.2,,74.4,,77.5,,80.3,,82.6,,86.8,,91.1,,157.6,,174.8,,181.8,,188.3,,193.3,,202.9,,211.8,,64.1,,77.7,,82,,84.6,,86.5,,90,,93.9,,273.1,,324.5,,339.9,,348.8,,355.9,,365.3,,375.1
80,,66.7,,73.8,,77.1,,79.6,,82,,86.3,,90.6,,156.4,,173.6,,180.4,,187,,192,,201.8,,210.7,,63.9,,77.2,,81.5,,84.2,,86.1,,89.6,,93.6,,271.4,,322.7,,338,,346.8,,354.2,,363.8,,373.1
81,,66.1,,73.3,,76.6,,79.2,,81.6,,85.8,,90.4,,155.4,,172.1,,178.9,,185.4,,190.9,,200.5,,209.5,,63.5,,76.7,,81,,83.7,,85.6,,89.2,,93,,269.8,,320.6,,335.9,,345.1,,352.4,,361.9,,371.4
82,,65.5,,72.7,,76.1,,78.7,,81.2,,85.3,,90.1,,154.4,,170.8,,177.5,,183.8,,189.8,,199.1,,208.3,,63.2,,76.2,,80.6,,83.2,,85.2,,88.8,,92.5,,268.2,,318.5,,333.8,,343.3,,350.5,,360.1,,369.7
83,,65.1,,72.4,,75.6,,78.3,,80.7,,84.9,,89.4,,153.3,,169.5,,176.3,,182.7,,188.6,,197.6,,207,,62.8,,75.8,,80.4,,82.8,,84.9,,88.4,,92,,266.7,,316.6,,331.8,,341,,348.1,,358,,367.7
84,,64.8,,72,,75.2,,77.8,,80.2,,84.5,,88.7,,152.1,,168.4,,175.2,,181.6,,187.5,,196.2,,205.8,,62.5,,75.4,,80.1,,82.4,,84.5,,88.1,,91.6,,265.2,,314.7,,329.9,,338.8,,345.7,,355.9,,365.8
85,,64.4,,71.6,,74.7,,77.1,,79.7,,84,,88.2,,151,,167.5,,174.1,,180.4,,186.4,,195.3,,204.6,,62.1,,75.2,,79.5,,81.9,,84.1,,87.6,,91.3,,263.6,,313.2,,328.3,,337.1,,344,,354.1,,364.1
86,,64,,71.2,,74.3,,76.5,,79.2,,83.4,,87.8,,149.9,,166.5,,173.1,,179.3,,185.3,,194.2,,203.4,,61.7,,74.9,,79,,81.4,,83.6,,87.1,,91,,261.9,,311.6,,326.6,,335.4,,342.2,,352.3,,362.4
87,,63.6,,70.6,,73.7,,76.2,,78.7,,82.9,,87.3,,148.9,,164.9,,171.8,,178,,184,,192.9,,202.3,,61.3,,74.5,,78.6,,80.9,,83.1,,86.7,,90.5,,260.3,,309.6,,324.8,,333.9,,340.4,,350,,360.8
88,,63.1,,70.1,,73.1,,75.9,,78.3,,82.3,,86.8,,147.9,,163.4,,170.5,,176.8,,182.7,,191.6,,201.1,,61,,74.1,,78.3,,80.5,,82.6,,86.3,,90.1,,258.6,,307.7,,322.8,,332.4,,338.7,,347.9,,359.2
89,,62.7,,69.8,,72.6,,75.4,,77.7,,81.9,,86.4,,146.9,,162.6,,169.6,,175.6,,181.2,,190.2,,200.1,,60.7,,73.6,,77.8,,80,,82.3,,85.9,,89.7,,256.8,,305.9,,320.5,,330.2,,337.1,,346.5,,357.4
90,,62.2,,69.4,,72,,74.9,,77.2,,81.5,,86,,145.8,,161.7,,168.6,,174.4,,179.7,,188.9,,199,,60.5,,73.2,,77.2,,79.5,,81.9,,85.4,,89.3,,255.1,,304.1,,318.3,,328,,335.5,,345.2,,355.5
91,,61.8,,68.8,,71.7,,74.5,,76.7,,81,,85.7,,144.6,,160.5,,167.1,,173.2,,178.7,,187.9,,197.8,,60.2,,72.9,,76.8,,79.4,,81.5,,85,,88.7,,254.2,,302.3,,317,,326.2,,333.6,,343.5,,353.8
92,,61.4,,68.3,,71.3,,74.1,,76.2,,80.5,,85.4,,143.4,,159.3,,165.6,,172,,177.6,,186.9,,196.6,,59.9,,72.6,,76.4,,79.1,,81.1,,84.6,,88.2,,253.2,,300.6,,315.7,,324.4,,331.7,,341.7,,352
93,,61.1,,68,,70.7,,73.6,,75.9,,80,,84.9,,142.2,,157.9,,164.5,,170.9,,176.4,,185.6,,195.3,,59.6,,72.1,,76.1,,78.6,,80.8,,84.1,,88,,251.6,,298.6,,313.9,,322.4,,329.8,,340,,350
94,,60.7,,67.6,,70.2,,73.2,,75.5,,79.6,,84.3,,141.1,,156.6,,163.4,,169.8,,175.2,,184.4,,194,,59.2,,71.7,,75.7,,78,,80.6,,83.6,,87.7,,249.9,,296.7,,312,,320.4,,327.9,,338.2,,348
95,,60.3,,67.1,,69.9,,72.8,,75.1,,79.2,,83.8,,140.2,,155.8,,162.4,,168.6,,174.1,,183.1,,193,,59,,71.3,,75.3,,77.8,,80.1,,83.4,,87.4,,248.1,,295.2,,310,,319,,326.1,,336.3,,346.7
96,,59.9,,66.7,,69.6,,72.4,,74.7,,78.8,,83.3,,139.4,,155,,161.4,,167.5,,173,,181.9,,191.9,,58.7,,70.9,,74.9,,77.5,,79.6,,83.1,,87.1,,246.3,,293.6,,308.1,,317.4,,324.3,,334.5,,345.3
97,,59.4,,66.2,,69.1,,71.8,,74.1,,78.3,,82.9,,138.4,,154,,160.3,,166.2,,171.7,,180.5,,190.7,,58.4,,70.7,,74.5,,77.1,,79.4,,82.8,,86.6,,244.9,,291.7,,306.6,,315.3,,322.6,,332.9,,343.2
98,,58.9,,65.7,,68.7,,71.3,,73.5,,77.8,,82.6,,137.5,,152.9,,159.2,,165,,170.5,,179.2,,189.4,,58.1,,70.4,,74.2,,76.7,,79.1,,82.4,,86.2,,243.6,,289.8,,305,,313.2,,320.9,,331.3,,341.2
99,,58.6,,65.3,,68.3,,70.8,,73.3,,77.2,,82.1,,136.7,,151.3,,157.9,,164,,169.7,,178.3,,188.4,,57.6,,70,,73.8,,76.2,,78.5,,81.9,,85.8,,242.3,,288.2,,303.2,,312.1,,319.1,,329.6,,339.9
100,,58.3,,64.8,,67.8,,70.4,,73,,76.7,,81.6,,135.8,,149.9,,156.6,,162.9,,168.8,,177.4,,187.3,,57.2,,69.6,,73.4,,75.7,,77.9,,81.4,,85.4,,241,,286.7,,301.5,,310.8,,317.2,,328,,338.5
101,,57.8,,64.5,,67.4,,69.9,,72.4,,76.4,,81.2,,134.9,,149.2,,155.5,,161.9,,167.4,,176.3,,186.1,,57.1,,69.2,,73.1,,75.2,,77.5,,80.9,,85,,239.7,,285.1,,299.5,,308.6,,315.3,,326.3,,336.6
102,,57.3,,64.1,,67,,69.5,,71.8,,76,,80.8,,133.9,,148.4,,154.4,,160.8,,166.1,,175.2,,185,,57,,68.8,,72.7,,74.8,,77,,80.5,,84.6,,238.4,,283.5,,297.6,,306.5,,313.4,,324.7,,334.7
103,,56.9,,63.7,,66.6,,69.1,,71.4,,75.5,,80.3,,132.7,,147.2,,153.4,,159.5,,165.1,,174.1,,184.1,,56.5,,68.3,,72.3,,74.7,,76.7,,80.2,,84.3,,236.8,,281.9,,295.9,,304.8,,311.5,,322.9,,332.8
104,,56.6,,63.3,,66.3,,68.7,,71,,75,,79.7,,131.5,,146.1,,152.4,,158.3,,164,,173,,183.1,,56.1,,68,,71.9,,74.4,,76.4,,79.9,,84,,235.2,,280.3,,294.2,,303.2,,309.7,,321.1,,330.9
105,,56.3,,62.9,,65.8,,68.2,,70.6,,74.7,,79.3,,130.6,,145.3,,151.4,,157.3,,163,,171.7,,181.7,,55.9,,67.8,,71.5,,74.1,,76,,79.6,,83.5,,233.9,,278.7,,292.8,,301.7,,308.2,,319.4,,329.6
106,,56.1,,62.4,,65.4,,67.8,,70.2,,74.3,,78.9,,129.7,,144.4,,150.4,,156.3,,161.9,,170.5,,180.5,,55.6,,67.6,,71.1,,73.7,,75.7,,79.3,,83,,232.6,,277.2,,291.3,,300.2,,306.8,,317.7,,328.2
107,,55.7,,62,,64.9,,67.4,,69.7,,73.9,,78.4,,128.9,,143.3,,149.4,,155.5,,160.7,,169.6,,179.6,,55.3,,67.2,,70.7,,73.1,,75.4,,78.9,,82.6,,231.2,,275.6,,289.4,,298.3,,305.3,,315.8,,326.5
108,,55.4,,61.5,,64.4,,67,,69.3,,73.4,,77.9,,128,,142.2,,148.3,,154.6,,159.6,,168.8,,178.7,,54.9,,66.8,,70.4,,72.5,,75.1,,78.4,,82.3,,229.8,,274,,287.6,,296.5,,303.7,,313.9,,324.8
109,,55,,61.2,,64.1,,66.5,,69,,73,,77.6,,127,,141,,147.5,,153.4,,158.7,,167.8,,177.5,,54.6,,66.5,,70,,72.3,,74.7,,78,,82,,228.6,,272.4,,286,,294.7,,301.9,,312.4,,323.4
110,,54.6,,60.8,,63.8,,66,,68.7,,72.6,,77.3,,125.9,,139.9,,146.6,,152.2,,157.7,,166.7,,176.3,,54.3,,66.2,,69.6,,72,,74.3,,77.6,,81.6,,227.3,,270.8,,284.5,,293,,300,,310.9,,321.8
111,,54.2,,60.4,,63.2,,65.6,,68.2,,72.3,,76.8,,125.1,,138.9,,145.4,,151.2,,156.5,,165.4,,175.4,,54,,65.8,,69.2,,71.7,,73.8,,77.3,,81.2,,225.9,,269.3,,283.1,,291.5,,298.5,,309.1,,319.8
112,,53.8,,60,,62.7,,65.2,,67.7,,71.9,,76.4,,124.3,,138,,144.3,,150.2,,155.4,,164.1,,174.4,,53.7,,65.3,,68.8,,71.4,,73.3,,77,,80.8,,224.5,,267.8,,281.6,,290,,297,,307.4,,317.8
113,,53.5,,59.6,,62.3,,64.8,,67.4,,71.4,,75.9,,123.4,,137,,143.3,,149.1,,154.5,,163.1,,173.3,,53.4,,64.9,,68.5,,71,,72.9,,76.5,,80.5,,223.1,,266.2,,280,,288.1,,295.2,,305.6,,316.6
114,,53.1,,59.2,,62,,64.4,,67,,71,,75.4,,122.5,,136,,142.3,,148,,153.6,,162.1,,172.2,,53.2,,64.5,,68.1,,70.7,,72.6,,76.1,,80.1,,221.8,,264.6,,278.4,,286.3,,293.4,,303.8,,315.4
115,,52.8,,58.9,,61.6,,64.2,,66.5,,70.6,,75,,121.5,,135.2,,141.5,,147.1,,152.6,,161,,171.4,,52.9,,64.2,,68,,70.3,,72.3,,75.8,,79.7,,220.5,,263.2,,276.7,,284.9,,292,,302.4,,313.8
116,,52.5,,58.6,,61.2,,63.8,,66.1,,70.2,,74.5,,120.6,,134.4,,140.6,,146.2,,151.5,,159.9,,170.5,,52.6,,63.8,,67.7,,69.9,,72,,75.5,,79.3,,219.2,,261.8,,275,,283.5,,290.7,,301,,312.2
117,,52.1,,58.2,,60.8,,63.4,,65.7,,69.8,,74.2,,119.9,,133.4,,139.4,,145.4,,150.4,,159.2,,169.3,,52.4,,63.4,,67.2,,69.5,,71.6,,75.2,,78.9,,218.1,,260,,273.6,,282,,288.9,,299.6,,310.4
118,,51.7,,57.7,,60.4,,62.9,,65.4,,69.3,,73.8,,119.2,,132.5,,138.2,,144.6,,149.4,,158.4,,168.1,,52.1,,63.1,,66.7,,69.2,,71.2,,74.9,,78.5,,217,,258.3,,272.2,,280.5,,287.1,,298.1,,308.7
119,,51.4,,57.4,,60.1,,62.5,,64.9,,68.8,,73.4,,118.4,,131.3,,137.3,,143.5,,148.6,,157.3,,167.1,,51.7,,62.8,,66.3,,68.9,,70.9,,74.5,,78.2,,215.7,,257,,270.7,,279,,285.5,,296.5,,307.1
120,,51.1,,57.1,,59.8,,62.1,,64.4,,68.3,,73,,117.5,,130.2,,136.4,,142.4,,147.7,,156.1,,166,,51.4,,62.5,,65.9,,68.5,,70.5,,74.1,,78,,214.4,,255.7,,269.2,,277.5,,283.9,,294.9,,305.6
121,,50.8,,56.8,,59.4,,61.7,,64,,67.9,,72.6,,116.7,,129.5,,135.6,,141.4,,146.5,,154.8,,165.1,,51.1,,62.2,,65.7,,68.1,,70.1,,73.6,,77.6,,213,,253.9,,267.9,,275.8,,282.5,,293.2,,304
122,,50.5,,56.4,,59,,61.4,,63.6,,67.6,,72.1,,115.9,,128.8,,134.8,,140.3,,145.3,,153.6,,164.1,,50.9,,61.9,,65.5,,67.7,,69.8,,73.1,,77.3,,211.6,,252.2,,266.5,,274.1,,281.1,,291.5,,302.5
123,,50.2,,55.9,,58.5,,61.1,,63.1,,67.2,,71.7,,115.1,,127.8,,133.8,,139.4,,144.2,,152.8,,162.9,,50.8,,61.5,,65.2,,67.4,,69.4,,72.8,,76.9,,210.5,,251,,264.5,,272.2,,279.7,,290.1,,301
124,,49.8,,55.5,,58.1,,60.7,,62.7,,66.8,,71.4,,114.2,,126.9,,132.7,,138.4,,143.2,,152.1,,161.8,,50.7,,61.2,,64.9,,67.2,,69,,72.5,,76.5,,209.3,,249.7,,262.6,,270.5,,278.2,,288.6,,299.5
125,,49.4,,55.2,,57.8,,60.2,,62.4,,66.5,,71,,113.4,,126,,131.8,,137.5,,142.4,,151.2,,160.9,,50.3,,60.9,,64.5,,66.8,,68.7,,72.1,,76.1,,207.9,,248.1,,261.4,,269.7,,276.6,,287,,298
126,,49,,54.8,,57.4,,59.7,,62.1,,66.1,,70.7,,112.6,,125.1,,130.9,,136.6,,141.6,,150.3,,160.1,,50,,60.6,,64.1,,66.4,,68.4,,71.8,,75.8,,206.7,,246.5,,260.2,,268.8,,275,,285.4,,296.5
127,,48.7,,54.4,,56.9,,59.5,,61.8,,65.6,,70.3,,111.9,,124.3,,130.1,,135.5,,140.7,,149.3,,159.1,,49.7,,60.3,,63.8,,66.2,,68,,71.5,,75.4,,205.5,,245.2,,258.6,,266.9,,273.4,,283.9,,294.9
128,,48.4,,54.1,,56.5,,59.2,,61.5,,65.2,,69.9,,111.1,,123.5,,129.2,,134.6,,139.8,,148.4,,158.2,,49.4,,60,,63.4,,65.9,,67.7,,71.2,,75,,204.4,,243.9,,257,,265.1,,271.9,,282.5,,293.3
129,,48.1,,53.8,,56.3,,58.8,,61,,64.9,,69.4,,110.4,,122.7,,128.3,,133.7,,138.8,,147.4,,157.2,,49.2,,59.6,,63.1,,65.5,,67.2,,70.9,,74.7,,203.1,,242.7,,255.8,,263.7,,270.3,,281,,291.8
130,,47.8,,53.5,,56.1,,58.4,,60.5,,64.6,,68.9,,109.6,,121.8,,127.4,,132.9,,137.9,,146.4,,156.2,,49,,59.2,,62.7,,65.1,,66.9,,70.6,,74.3,,201.9,,241.4,,254.5,,262.4,,268.8,,279.5,,290.3
131,,47.5,,53.2,,55.7,,58,,60.1,,64.2,,68.7,,108.7,,120.9,,126.7,,131.9,,137.1,,145.5,,155.4,,48.7,,58.9,,62.4,,64.9,,66.7,,70.3,,74,,200.8,,240.2,,252.8,,261,,267.5,,278.1,,289
132,,47.2,,52.9,,55.2,,57.6,,59.7,,63.7,,68.4,,107.9,,120,,126,,131,,136.3,,144.6,,154.5,,48.3,,58.7,,62.1,,64.6,,66.4,,70,,73.6,,199.6,,239,,251.2,,259.7,,266.2,,276.7,,287.7
133,,46.8,,52.5,,54.9,,57.3,,59.5,,63.4,,68,,107.1,,119.2,,125.2,,130.2,,135.2,,143.6,,153.4,,48.2,,58.4,,61.8,,64.3,,66,,69.5,,73.3,,198.6,,237.7,,249.8,,258.2,,264.8,,274.9,,286.1
134,,46.5,,52.1,,54.6,,56.9,,59.3,,63.1,,67.5,,106.4,,118.3,,124.4,,129.4,,134.1,,142.7,,152.3,,48.1,,58.2,,61.6,,63.9,,65.6,,69.1,,73,,197.6,,236.4,,248.4,,256.7,,263.4,,273.1,,284.6
135,,46.3,,51.9,,54.3,,56.6,,59,,62.8,,67.2,,105.7,,117.7,,123.4,,128.4,,133.4,,141.8,,151.4,,47.8,,57.8,,61.1,,63.4,,65.4,,68.7,,72.8,,196.5,,234.7,,246.9,,255.3,,262,,271.6,,283.3
136,,46,,51.6,,53.9,,56.2,,58.7,,62.4,,66.8,,105,,117,,122.4,,127.5,,132.6,,141,,150.5,,47.5,,57.4,,60.7,,63,,65.1,,68.3,,72.6,,195.4,,233.1,,245.4,,253.9,,260.5,,270.1,,282
137,,45.8,,51.2,,53.5,,55.9,,58.3,,62,,66.6,,104.3,,116.2,,121.5,,126.8,,131.7,,140.1,,149.6,,47.2,,57.1,,60.6,,62.7,,64.8,,68,,72.2,,194.3,,231.8,,244.4,,252.6,,258.6,,269.1,,280.4
138,,45.5,,50.8,,53.1,,55.5,,57.9,,61.6,,66.4,,103.6,,115.5,,120.6,,126,,130.8,,139.3,,148.7,,46.8,,56.8,,60.3,,62.4,,64.4,,67.8,,71.8,,193.2,,230.6,,243.4,,251.2,,256.8,,268.1,,278.8
139,,45.1,,50.4,,52.9,,55.2,,57.4,,61.2,,66,,102.9,,114.5,,119.7,,125,,129.9,,138.2,,147.7,,46.5,,56.6,,60,,62.1,,64.2,,67.5,,71.4,,191.9,,229.4,,241.7,,249.9,,255.6,,266.5,,277.2
140,,44.8,,50.1,,52.7,,54.8,,57,,60.8,,65.6,,102.1,,113.6,,118.8,,124,,129,,137.2,,146.7,,46.2,,56.4,,59.7,,61.8,,63.9,,67.2,,71,,190.6,,228.2,,240.1,,248.5,,254.5,,264.8,,275.7
141,,44.6,,49.9,,52.4,,54.5,,56.7,,60.5,,65.1,,101.5,,112.9,,117.9,,123.3,,128.3,,136.5,,146,,46,,55.9,,59.3,,61.5,,63.4,,66.8,,70.7,,189.5,,226.8,,239,,247,,253.4,,263.5,,274.5
142,,44.3,,49.6,,52.1,,54.1,,56.4,,60.2,,64.6,,100.8,,112.2,,117,,122.6,,127.5,,135.7,,145.2,,45.9,,55.5,,58.9,,61.1,,62.9,,66.3,,70.4,,188.4,,225.4,,237.8,,245.5,,252.2,,262.1,,273.3
143,,44.1,,49.3,,51.7,,53.8,,56.1,,59.8,,64.3,,100.2,,111.4,,116.4,,121.8,,126.6,,134.8,,144.3,,45.7,,55.2,,58.7,,60.9,,62.7,,66,,70.2,,187.5,,223.8,,236.5,,244.3,,250.7,,260.8,,271.8
144,,43.9,,49,,51.2,,53.6,,55.9,,59.5,,64.1,,99.5,,110.7,,115.7,,121,,125.6,,133.9,,143.4,,45.5,,55,,58.5,,60.7,,62.5,,65.7,,70,,186.6,,222.3,,235.1,,243.1,,249.3,,259.4,,270.4
145,,43.6,,48.7,,50.9,,53.3,,55.5,,59.2,,63.6,,98.7,,109.8,,115,,120.1,,124.9,,133,,142.4,,45.2,,54.7,,58.1,,60.3,,62.2,,65.6,,69.5,,185.5,,221.4,,233.8,,241.6,,248,,258.1,,269
146,,43.3,,48.4,,50.6,,53,,55.1,,58.9,,63.2,,97.9,,109,,114.3,,119.2,,124.2,,132.1,,141.5,,44.9,,54.5,,57.8,,59.9,,61.9,,65.4,,69.1,,184.5,,220.5,,232.5,,240,,246.7,,256.6,,267.6
147,,43.1,,48,,50.3,,52.6,,54.7,,58.5,,62.9,,97.3,,108.3,,113.4,,118.5,,123.4,,131.1,,140.7,,44.6,,54.3,,57.4,,59.7,,61.7,,65.1,,68.7,,183.3,,219.3,,231.1,,238.6,,245.3,,254.9,,266.4
148,,42.8,,47.7,,50,,52.1,,54.3,,58.1,,62.6,,96.7,,107.6,,112.5,,117.8,,122.5,,130.1,,139.9,,44.4,,54,,57,,59.5,,61.4,,64.8,,68.3,,182.2,,218.1,,229.9,,237.2,,244,,253.3,,265.2
149,,42.5,,47.4,,49.7,,51.9,,53.9,,57.7,,62.2,,96.1,,106.8,,111.9,,117,,121.6,,129.5,,138.9,,44.1,,53.7,,56.7,,59.1,,61,,64.4,,68,,181.3,,217,,228.7,,236,,242.8,,252.4,,263.8
150,,42.1,,47.1,,49.4,,51.7,,53.5,,57.4,,61.8,,95.4,,106.1,,111.4,,116.2,,120.7,,128.9,,138,,43.9,,53.4,,56.5,,58.8,,60.7,,64.1,,67.8,,180.3,,215.8,,227.6,,234.8,,241.5,,251.5,,262.3
151,,41.9,,46.8,,49.1,,51.4,,53.3,,57.2,,61.7,,94.8,,105.4,,110.6,,115.5,,119.9,,128.2,,137.2,,43.8,,53.2,,56.3,,58.4,,60.3,,63.8,,67.5,,179.4,,214.5,,226.1,,233.5,,240.1,,250.1,,260.9
152,,41.6,,46.5,,48.8,,51,,53.1,,56.9,,61.5,,94.1,,104.7,,109.9,,114.7,,119.2,,127.5,,136.3,,43.6,,52.9,,56,,58.1,,60,,63.5,,67.3,,178.4,,213.1,,224.7,,232.2,,238.7,,248.7,,259.5
153,,41.3,,46.3,,48.4,,50.6,,52.7,,56.4,,61.1,,93.4,,103.9,,109.1,,113.9,,118.4,,126.5,,135.5,,43.3,,52.5,,55.7,,58,,59.8,,63.2,,66.8,,177.4,,211.7,,223.5,,231.1,,237.4,,247.3,,258.3
154,,41,,46,,48.1,,50.1,,52.4,,55.9,,60.7,,92.8,,103.1,,108.3,,113.1,,117.6,,125.6,,134.7,,43.1,,52.2,,55.4,,57.8,,59.5,,62.9,,66.3,,176.3,,210.4,,222.3,,230,,236.1,,246,,257.1
155,,40.8,,45.6,,47.9,,50,,52.2,,55.7,,60.2,,92,,102.3,,107.4,,112.3,,117,,124.8,,134,,42.9,,52,,55.2,,57.3,,59.2,,62.5,,66.1,,175.2,,209.5,,220.9,,228.4,,235,,244.8,,255.8
156,,40.6,,45.3,,47.6,,49.9,,52,,55.4,,59.7,,91.3,,101.6,,106.5,,111.5,,116.4,,124,,133.2,,42.7,,51.8,,55,,56.8,,58.8,,62.1,,65.9,,174.1,,208.5,,219.5,,226.9,,233.8,,243.7,,254.5
157,,40.3,,45,,47.3,,49.4,,51.6,,55.2,,59.4,,90.6,,101.1,,105.8,,110.7,,115.6,,123.4,,132.3,,42.4,,51.6,,54.6,,56.7,,58.5,,61.9,,65.5,,173.1,,207.1,,218.6,,226,,232.4,,242.2,,253.2
158,,40,,44.7,,46.9,,49.1,,51.2,,54.9,,59.1,,90,,100.5,,105.1,,109.9,,114.9,,122.7,,131.5,,42.2,,51.4,,54.3,,56.5,,58.2,,61.6,,65.1,,172.2,,205.9,,217.5,,225,,230.9,,240.8,,252
159,,39.8,,44.4,,46.6,,48.7,,50.8,,54.6,,58.8,,89.4,,99.9,,104.6,,109.3,,114,,121.8,,130.7,,42,,51.1,,54.1,,56.2,,58,,61.3,,64.8,,171.3,,205,,216.1,,223.7,,229.9,,239.6,,250.8
160,,39.6,,44.1,,46.3,,48.4,,50.5,,54.2,,58.4,,88.9,,99.2,,104,,108.6,,113.2,,120.8,,129.9,,41.8,,50.8,,53.8,,55.9,,57.8,,61,,64.4,,170.4,,204,,214.7,,222.5,,228.8,,238.4,,249.6
161,,39.3,,43.9,,46.1,,48.1,,50.1,,53.9,,58.1,,88.3,,98.4,,103.2,,107.9,,112.6,,120.2,,129.2,,41.5,,50.4,,53.5,,55.6,,57.5,,60.7,,64.3,,169.3,,202.6,,213.5,,221,,227.4,,237.2,,248.2
162,,39.1,,43.7,,45.9,,47.7,,49.8,,53.5,,57.8,,87.8,,97.7,,102.4,,107.2,,111.9,,119.4,,128.4,,41.2,,50.1,,53.1,,55.3,,57.1,,60.3,,64.1,,168.3,,201.3,,212.3,,219.6,,226,,236,,246.8
163,,38.8,,43.3,,45.5,,47.4,,49.5,,53.2,,57.5,,87.2,,96.9,,101.8,,106.6,,111,,118.6,,127.7,,41,,49.9,,53,,54.9,,56.8,,60.1,,63.8,,167.4,,200.2,,211,,218.5,,224.7,,234.8,,245.6
164,,38.5,,42.9,,45.2,,47.2,,49.2,,52.9,,57.1,,86.6,,96.1,,101.1,,105.9,,110.1,,117.8,,126.9,,40.8,,49.7,,52.8,,54.6,,56.6,,59.9,,63.6,,166.4,,199.2,,209.7,,217.3,,223.4,,233.5,,244.4
165,,38.3,,42.8,,44.9,,47.1,,49,,52.6,,56.8,,86,,95.6,,100.5,,105.1,,109.5,,117.1,,126,,40.6,,49.4,,52.4,,54.4,,56.3,,59.5,,63.3,,165.6,,198.2,,208.9,,216.3,,222.5,,232.3,,243
166,,38,,42.7,,44.6,,46.9,,48.7,,52.3,,56.4,,85.5,,95,,99.9,,104.3,,108.9,,116.3,,125.2,,40.5,,49.1,,52,,54.2,,56,,59.2,,63,,164.7,,197.2,,208.2,,215.2,,221.5,,231,,241.7
167,,37.8,,42.3,,44.4,,46.5,,48.4,,52,,56.3,,84.9,,94.5,,99.2,,103.6,,108,,115.4,,124.5,,40.2,,48.9,,51.9,,54,,55.8,,58.9,,62.7,,163.7,,196.1,,207.1,,214,,220.2,,229.7,,240.6
168,,37.6,,41.9,,44.2,,46.2,,48.1,,51.7,,56.1,,84.4,,93.9,,98.6,,102.9,,107.2,,114.5,,123.9,,40,,48.7,,51.8,,53.7,,55.5,,58.6,,62.4,,162.8,,195,,206,,212.8,,219,,228.4,,239.6
169,,37.4,,41.7,,43.8,,45.8,,47.9,,51.4,,55.7,,83.7,,93.4,,98,,102.2,,106.6,,114,,123.2,,39.9,,48.4,,51.3,,53.5,,55.2,,58.3,,62.1,,161.8,,193.9,,204.7,,211.6,,218,,227.4,,238.4
170,,37.2,,41.4,,43.5,,45.4,,47.7,,51.1,,55.3,,83.1,,92.8,,97.4,,101.4,,106,,113.4,,122.5,,39.7,,48.1,,50.9,,53.2,,54.9,,58,,61.8,,160.9,,192.7,,203.4,,210.5,,217,,226.3,,237.1
171,,37,,41.2,,43.3,,45.2,,47.4,,50.8,,55.1,,82.7,,92.1,,96.7,,100.9,,105.3,,112.8,,121.7,,39.4,,47.9,,50.7,,52.9,,54.5,,57.7,,61.6,,160.1,,191.7,,202.1,,209.4,,215.5,,225.1,,235.8
172,,36.8,,41,,43.1,,45,,47.1,,50.4,,54.9,,82.2,,91.3,,95.9,,100.4,,104.6,,112.1,,120.9,,39.2,,47.7,,50.5,,52.7,,54.2,,57.4,,61.4,,159.2,,190.7,,200.9,,208.3,,214,,223.8,,234.5
173,,36.5,,40.6,,42.8,,44.7,,46.7,,50.2,,54.4,,81.5,,90.8,,95.3,,99.9,,103.7,,111.6,,120.3,,39,,47.4,,50.3,,52.4,,54,,57.1,,61,,158.5,,189.7,,200,,207.3,,212.8,,222.8,,233.4
174,,36.2,,40.3,,42.5,,44.5,,46.4,,49.9,,54,,80.9,,90.2,,94.7,,99.4,,103,,111,,119.7,,38.9,,47.1,,50,,52.1,,53.7,,56.8,,60.6,,157.7,,188.7,,199.1,,206.2,,211.5,,221.8,,232.4
175,,35.9,,40.2,,42.3,,44.2,,46.1,,49.6,,53.7,,80.4,,89.6,,94,,98.5,,102.5,,110.1,,118.8,,38.7,,46.9,,49.7,,51.8,,53.4,,56.6,,60.4,,156.7,,187.7,,197.8,,204.8,,210.5,,220.6,,231
176,,35.6,,40.1,,42.1,,44,,45.9,,49.2,,53.4,,79.9,,89,,93.4,,97.7,,102,,109.3,,117.9,,38.5,,46.7,,49.4,,51.6,,53.2,,56.4,,60.2,,155.8,,186.7,,196.6,,203.4,,209.4,,219.4,,229.8
177,,35.3,,39.8,,41.8,,43.6,,45.5,,49,,53.1,,79.2,,88.4,,92.7,,97.1,,101.2,,108.6,,117.2,,38.3,,46.5,,49.3,,51.3,,52.9,,56.1,,59.9,,154.9,,185.6,,195.9,,202.5,,208.4,,218.1,,228.6
178,,35.1,,39.6,,41.4,,43.3,,45.2,,48.8,,52.8,,78.6,,87.8,,92,,96.5,,100.5,,108,,116.5,,38.1,,46.2,,49.1,,51.1,,52.7,,55.9,,59.6,,154,,184.6,,195.1,,201.5,,207.4,,216.9,,227.5
179,,34.9,,39.3,,41.2,,43.1,,45,,48.5,,52.6,,78.3,,87.2,,91.5,,95.9,,99.9,,107.4,,115.8,,37.8,,45.9,,48.8,,50.8,,52.5,,55.7,,59.3,,153.2,,183.6,,193.9,,200.4,,206.5,,216,,226.2
180,,34.8,,38.9,,40.9,,42.9,,44.8,,48.2,,52.3,,77.9,,86.7,,91,,95.2,,99.3,,106.7,,115.1,,37.6,,45.5,,48.5,,50.5,,52.2,,55.4,,59,,152.3,,182.6,,192.8,,199.3,,205.6,,215.1,,224.9
181,,34.6,,38.6,,40.7,,42.6,,44.5,,47.9,,52,,77.3,,86.2,,90.4,,94.6,,98.6,,106,,114.4,,37.5,,45.4,,48.2,,50.3,,52,,55.1,,58.7,,151.4,,181.5,,191.6,,198,,204.2,,213.6,,223.9
182,,34.3,,38.4,,40.5,,42.3,,44.3,,47.6,,51.7,,76.7,,85.6,,89.8,,93.9,,98,,105.3,,113.7,,37.3,,45.2,,48,,50.1,,51.8,,54.9,,58.4,,150.5,,180.4,,190.4,,196.8,,202.9,,212.2,,222.9
183,,34.1,,38.2,,40.2,,42.2,,44,,47.3,,51.4,,76.1,,85,,88.9,,93.2,,97.3,,104.7,,113.1,,37.1,,45,,47.7,,49.7,,51.5,,54.5,,58.1,,149.7,,179.7,,189.2,,196.1,,201.9,,211.1,,222.1
184,,33.9,,38,,40,,42,,43.7,,47,,51.1,,75.5,,84.3,,88.2,,92.5,,96.6,,104.1,,112.4,,36.9,,44.8,,47.5,,49.4,,51.2,,54.1,,57.9,,148.8,,178.8,,188,,195.2,,200.8,,210,,221.3
185,,33.9,,37.8,,39.7,,41.6,,43.3,,46.7,,50.9,,75,,83.7,,87.7,,91.9,,96.1,,103.1,,111.6,,36.8,,44.6,,47.3,,49.1,,50.9,,53.9,,57.6,,147.9,,177.6,,187.1,,193.8,,199.5,,208.9,,219.9
186,,33.7,,37.6,,39.5,,41.3,,43,,46.4,,50.7,,74.5,,83.1,,87.2,,91.4,,95.5,,102.2,,110.8,,36.6,,44.4,,47.1,,48.8,,50.7,,53.8,,57.3,,147.1,,176.4,,186.2,,192.4,,198.3,,207.9,,218.5
187,,33.5,,37.3,,39.2,,41.1,,42.9,,46.1,,50.4,,74.1,,82.6,,86.8,,90.9,,94.8,,101.7,,110.4,,36.4,,44.1,,46.8,,48.6,,50.4,,53.5,,57,,146.6,,175.4,,185.1,,191.5,,197.3,,207,,217.4
188,,33.2,,37,,38.9,,40.8,,42.7,,45.9,,50.2,,73.6,,82.1,,86.3,,90.4,,94,,101.2,,110,,36.1,,43.9,,46.5,,48.4,,50.2,,53.2,,56.7,,146,,174.5,,184,,190.6,,196.4,,206.2,,216.3
189,,32.9,,36.9,,38.8,,40.6,,42.4,,45.6,,49.9,,73.1,,81.5,,85.6,,89.8,,93.3,,100.5,,108.9,,35.9,,43.6,,46.3,,48.1,,49.9,,53,,56.6,,145,,173.5,,183.1,,189.7,,195.4,,204.9,,215
190,,32.7,,36.7,,38.6,,40.4,,42.2,,45.4,,49.7,,72.7,,80.9,,84.9,,89.2,,92.7,,99.9,,107.9,,35.8,,43.4,,46,,47.8,,49.6,,52.7,,56.4,,144,,172.5,,182.2,,188.8,,194.5,,203.6,,213.9
191,,32.5,,36.5,,38.3,,40.1,,41.8,,45.2,,49.3,,72.2,,80.4,,84.5,,88.6,,92.4,,99.2,,107.4,,35.6,,43.2,,45.8,,47.6,,49.4,,52.5,,56.1,,143.4,,171.8,,181.4,,187.6,,193.6,,202.8,,213.1
192,,32.3,,36.3,,38.1,,39.9,,41.5,,45,,49,,71.7,,79.9,,84.1,,88.1,,92,,98.5,,106.9,,35.4,,43,,45.6,,47.4,,49.2,,52.3,,55.8,,142.7,,171.1,,180.5,,186.4,,192.7,,201.9,,212.3
193,,32.2,,36.1,,37.8,,39.6,,41.4,,44.6,,48.6,,71.2,,79.4,,83.4,,87.6,,91.3,,98,,106.3,,35.3,,42.7,,45.4,,47.2,,48.9,,51.9,,55.6,,141.8,,170.1,,179.4,,185.6,,191.5,,201,,211
194,,32,,35.9,,37.6,,39.4,,41.2,,44.3,,48.3,,70.7,,79,,82.8,,87.2,,90.7,,97.4,,105.7,,35.1,,42.4,,45.2,,46.9,,48.7,,51.5,,55.4,,141,,169.2,,178.4,,184.8,,190.4,,200.1,,209.7
195,,31.8,,35.6,,37.3,,39.1,,41,,44.1,,48,,70.2,,78.4,,82.3,,86.3,,90.1,,96.9,,104.9,,35,,42.4,,44.9,,46.8,,48.4,,51.4,,55.1,,140.2,,168.2,,177.6,,183.7,,189.4,,198.9,,208.8
196,,31.6,,35.3,,37.1,,38.9,,40.7,,43.9,,47.8,,69.7,,77.9,,81.8,,85.6,,89.6,,96.3,,104.2,,34.8,,42.2,,44.7,,46.6,,48.2,,51.2,,54.9,,139.4,,167.2,,176.7,,182.7,,188.3,,197.7,,207.8
197,,31.4,,35,,36.8,,38.6,,40.4,,43.6,,47.6,,69.2,,77.4,,81.3,,85.1,,88.9,,95.7,,103.7,,34.6,,41.9,,44.5,,46.2,,48,,51,,54.5,,138.6,,166.4,,175.8,,181.6,,187.4,,196.6,,206.8
198,,31.2,,34.8,,36.6,,38.3,,40.2,,43.3,,47.3,,68.8,,76.9,,80.8,,84.6,,88.3,,95.1,,103.2,,34.4,,41.6,,44.3,,45.9,,47.8,,50.7,,54.1,,137.9,,165.6,,174.8,,180.6,,186.4,,195.6,,205.7
199,,31.1,,34.7,,36.5,,38.1,,40,,43.1,,47,,68.4,,76.3,,80.3,,84,,87.9,,94.5,,102.5,,34.2,,41.4,,44.1,,45.7,,47.5,,50.5,,54,,137.2,,164.5,,173.8,,180,,185.4,,194.6,,204.7
200,,30.9,,34.6,,36.3,,37.9,,39.8,,42.8,,46.7,,68,,75.7,,79.7,,83.4,,87.4,,93.9,,101.8,,34.1,,41.2,,43.8,,45.5,,47.3,,50.3,,53.9,,136.5,,163.4,,172.7,,179.3,,184.4,,193.6,,203.7
201,,30.6,,34.3,,36,,37.7,,39.5,,42.6,,46.5,,67.5,,75.1,,79.3,,83,,86.9,,93.3,,101.3,,33.9,,41.1,,43.7,,45.3,,47.1,,50.1,,53.5,,135.8,,162.7,,172,,178.2,,183.3,,192.4,,202.7
202,,30.4,,34.1,,35.7,,37.5,,39.2,,42.4,,46.4,,67.1,,74.5,,78.9,,82.6,,86.3,,92.7,,100.7,,33.7,,41,,43.5,,45.2,,47,,49.9,,53.2,,135.2,,162,,171.1,,177.2,,182.2,,191.3,,201.7
203,,30.3,,33.9,,35.5,,37.2,,39,,42.1,,46.1,,66.6,,74.2,,78.3,,82.1,,85.7,,92.2,,100.1,,33.5,,40.7,,43.2,,44.9,,46.7,,49.6,,53,,134.4,,161.1,,170,,176.2,,181.5,,190.3,,200.7
204,,30.1,,33.7,,35.3,,37,,38.8,,41.9,,45.8,,66.1,,73.8,,77.7,,81.6,,85.1,,91.8,,99.5,,33.3,,40.5,,43,,44.6,,46.4,,49.3,,52.8,,133.7,,160.2,,168.9,,175.2,,180.7,,189.4,,199.7
205,,30,,33.4,,35.1,,36.8,,38.5,,41.7,,45.5,,65.8,,73.3,,77.1,,81,,84.6,,91,,98.9,,33.2,,40.3,,42.8,,44.3,,46.2,,49,,52.5,,133.1,,159.3,,168.1,,174.2,,179.5,,188.5,,198.5
206,,29.8,,33.1,,34.9,,36.6,,38.3,,41.5,,45.2,,65.4,,72.9,,76.5,,80.4,,84.2,,90.3,,98.3,,33,,40.1,,42.6,,44.1,,45.9,,48.7,,52.2,,132.5,,158.4,,167.3,,173.3,,178.4,,187.5,,197.3
207,,29.7,,32.9,,34.7,,36.5,,38,,41.1,,44.9,,64.9,,72.3,,76.1,,79.8,,83.6,,89.9,,97.7,,32.8,,39.9,,42.4,,44,,45.6,,48.5,,52.1,,131.5,,157.5,,166.3,,172.4,,177.6,,186.6,,196.6
208,,29.5,,32.8,,34.5,,36.3,,37.7,,40.7,,44.6,,64.4,,71.7,,75.7,,79.2,,83,,89.4,,97.2,,32.6,,39.7,,42.2,,43.8,,45.3,,48.3,,51.9,,130.6,,156.7,,165.4,,171.5,,176.8,,185.6,,195.8
209,,29.2,,32.6,,34.3,,36,,37.5,,40.6,,44.5,,64.2,,71.5,,75.2,,78.9,,82.5,,88.8,,96.5,,32.5,,39.5,,42,,43.6,,45.2,,48.1,,51.7,,130,,155.9,,164.6,,170.6,,175.8,,184.7,,194.9
210,,28.9,,32.5,,34.2,,35.7,,37.3,,40.5,,44.4,,63.9,,71.2,,74.6,,78.5,,81.9,,88.1,,95.9,,32.3,,39.3,,41.7,,43.4,,45,,47.8,,51.4,,129.4,,155.2,,163.8,,169.6,,174.9,,183.8,,193.9
211,,28.7,,32.2,,33.8,,35.4,,37.1,,40.1,,44.1,,63.4,,70.6,,74,,78,,81.3,,87.6,,95.4,,32.1,,39.1,,41.3,,43.2,,44.7,,47.7,,51.1,,128.7,,154.4,,162.9,,168.6,,174,,183.1,,192.8
212,,28.5,,31.9,,33.5,,35.2,,37,,39.9,,43.8,,62.9,,70,,73.5,,77.5,,80.6,,87.1,,94.8,,31.9,,39,,41,,43,,44.5,,47.5,,50.8,,128,,153.5,,162.1,,167.7,,173.2,,182.3,,191.8
213,,28.4,,31.8,,33.4,,35.1,,36.7,,39.7,,43.5,,62.4,,69.6,,73,,77,,80.1,,86.5,,94.3,,31.8,,38.7,,40.9,,42.7,,44.2,,47.1,,50.6,,127.4,,152.7,,161,,167.2,,172.2,,180.8,,190.6
214,,28.3,,31.7,,33.3,,34.9,,36.5,,39.6,,43.1,,62,,69.1,,72.6,,76.6,,79.6,,86,,93.8,,31.7,,38.4,,40.8,,42.5,,44,,46.8,,50.5,,126.7,,151.9,,160,,166.6,,171.2,,179.5,,189.6
215,,28.1,,31.4,,33.1,,34.7,,36.3,,39.3,,42.9,,61.5,,68.6,,72.2,,75.9,,79.1,,85.6,,93,,31.7,,38.2,,40.6,,42.3,,43.8,,46.7,,50.2,,126,,151.2,,159.3,,165.2,,170.3,,179,,188.8
216,,27.9,,31.2,,32.8,,34.5,,36.2,,39.1,,42.7,,61.1,,68.2,,71.9,,75.3,,78.6,,85.2,,92.3,,31.7,,38,,40.4,,42.1,,43.6,,46.5,,49.9,,125.2,,150.4,,158.5,,164,,169.4,,178.5,,188
217,,27.8,,31.1,,32.6,,34.3,,36,,38.8,,42.4,,60.8,,67.8,,71.4,,74.9,,78.3,,84.4,,91.9,,31.4,,37.9,,40.1,,41.9,,43.3,,46.2,,49.6,,124.4,,149.3,,157.6,,163.4,,168.8,,177.4,,186.9
218,,27.6,,30.9,,32.5,,34,,35.7,,38.6,,42.1,,60.6,,67.4,,71,,74.5,,77.9,,83.7,,91.5,,31.1,,37.8,,39.9,,41.7,,43.1,,46,,49.3,,123.6,,148.3,,156.8,,162.8,,168.1,,176.2,,185.9
219,,27.5,,30.7,,32.3,,33.8,,35.5,,38.4,,41.9,,60,,67,,70.6,,73.9,,77.4,,83.2,,91,,30.8,,37.6,,39.8,,41.5,,42.9,,45.7,,49,,123,,147.6,,156.1,,161.7,,166.8,,175.3,,184.9
220,,27.3,,30.4,,32.2,,33.5,,35.2,,38.3,,41.7,,59.6,,66.6,,70.1,,73.4,,76.9,,82.7,,90.5,,30.6,,37.4,,39.7,,41.3,,42.8,,45.5,,48.8,,122.4,,146.9,,155.4,,160.7,,165.5,,174.4,,184
221,,27.1,,30.3,,32,,33.4,,35.1,,38.1,,41.5,,59.2,,66.1,,69.6,,72.9,,76.4,,82.2,,89.9,,30.5,,37.2,,39.4,,41.1,,42.6,,45.4,,48.7,,121.7,,146.1,,154.3,,159.8,,164.7,,173.6,,183
222,,26.9,,30.2,,31.7,,33.2,,34.9,,37.9,,41.4,,58.8,,65.5,,69.1,,72.4,,75.8,,81.8,,89.2,,30.4,,37,,39.1,,40.9,,42.3,,45.3,,48.5,,121,,145.4,,153.3,,158.8,,164,,172.8,,182
223,,26.8,,30,,31.5,,33.1,,34.6,,37.5,,41.1,,58.3,,65.1,,68.7,,71.9,,75.3,,81.2,,88.6,,30.3,,36.8,,39,,40.7,,42.2,,45,,48.3,,120.4,,144.6,,152.6,,158.2,,163.6,,172,,181.3
224,,26.6,,29.8,,31.3,,33,,34.4,,37.1,,40.9,,57.9,,64.7,,68.2,,71.4,,74.7,,80.6,,88.1,,30.1,,36.6,,38.9,,40.5,,42,,44.8,,48,,119.8,,143.8,,151.8,,157.6,,163.1,,171.1,,180.6
225,,26.5,,29.6,,31.2,,32.8,,34.2,,37,,40.8,,57.5,,64.4,,67.7,,71.1,,74.3,,80.1,,87.4,,30,,36.5,,38.7,,40.3,,41.8,,44.6,,47.8,,119.1,,143,,150.9,,156.8,,162,,170,,179.4
226,,26.3,,29.4,,31,,32.5,,34,,36.9,,40.6,,57.2,,64,,67.2,,70.8,,73.8,,79.6,,86.8,,29.9,,36.3,,38.5,,40.1,,41.6,,44.3,,47.5,,118.4,,142.3,,150.1,,156,,160.9,,169,,178.3
227,,26.1,,29.2,,30.7,,32.3,,33.9,,36.6,,40.3,,57,,63.6,,66.7,,70.3,,73.3,,79.1,,86.5,,29.7,,36,,38.3,,39.9,,41.4,,44.2,,47.4,,117.8,,141.5,,149.5,,155,,160.1,,168.3,,177.6
228,,26,,29,,30.5,,32.1,,33.7,,36.4,,40,,56.7,,63.2,,66.3,,69.7,,72.8,,78.7,,86.2,,29.5,,35.8,,38,,39.8,,41.2,,43.9,,47.2,,117.2,,140.7,,148.8,,154.1,,159.4,,167.6,,176.8
229,,25.8,,28.9,,30.4,,31.9,,33.5,,36.3,,39.7,,56.2,,62.8,,66,,69.2,,72.3,,78.3,,85.6,,29.3,,35.7,,37.8,,39.6,,41,,43.6,,47,,116.5,,139.9,,147.9,,153.2,,158.4,,166.5,,176
230,,25.7,,28.7,,30.3,,31.8,,33.3,,36.1,,39.4,,55.8,,62.4,,65.7,,68.7,,71.9,,77.8,,85,,29.1,,35.5,,37.6,,39.4,,40.8,,43.4,,46.8,,115.8,,139,,147,,152.5,,157.5,,165.5,,175.2
231,,25.5,,28.5,,30.1,,31.6,,33,,35.8,,39.2,,55.4,,61.9,,65.2,,68.4,,71.6,,77.3,,84.4,,29,,35.3,,37.5,,39.1,,40.6,,43.1,,46.5,,115.4,,138.5,,146.3,,151.8,,156.8,,164.8,,174.5
232,,25.3,,28.4,,29.9,,31.4,,32.7,,35.6,,38.9,,55,,61.5,,64.7,,68,,71.3,,76.8,,83.9,,28.9,,35.2,,37.4,,38.8,,40.3,,42.9,,46.2,,115,,137.9,,145.6,,151.1,,156.1,,164.1,,173.8
233,,25.1,,28.2,,29.7,,31.2,,32.5,,35.4,,38.8,,54.6,,61.2,,64.4,,67.5,,70.8,,76.5,,83.6,,28.8,,34.9,,37.1,,38.6,,40.2,,42.8,,46,,114.4,,137.2,,144.9,,150.3,,155.3,,163.3,,172.6
234,,25,,28,,29.6,,31.1,,32.3,,35.2,,38.6,,54.3,,60.8,,64,,67.1,,70.3,,76.2,,83.2,,28.7,,34.7,,36.9,,38.4,,40.1,,42.8,,45.8,,113.7,,136.4,,144.1,,149.4,,154.5,,162.5,,171.6
235,,24.8,,27.9,,29.3,,30.9,,32.1,,35,,38.4,,54,,60.4,,63.6,,66.8,,69.9,,75.6,,82.6,,28.6,,34.6,,36.7,,38.3,,39.8,,42.6,,45.6,,113.1,,135.7,,143.6,,148.6,,153.6,,161.5,,170.8
236,,24.6,,27.7,,29,,30.8,,31.9,,34.8,,38.2,,53.7,,60,,63.3,,66.4,,69.5,,75,,82,,28.4,,34.5,,36.6,,38.2,,39.6,,42.3,,45.4,,112.5,,134.9,,143.1,,147.8,,152.7,,160.5,,170
237,,24.5,,27.5,,28.9,,30.6,,31.8,,34.7,,38,,53.4,,59.7,,62.7,,65.9,,69,,74.5,,81.5,,28.2,,34.3,,36.4,,38.1,,39.4,,42.1,,45.2,,111.9,,134.1,,142.1,,147.2,,151.8,,159.8,,169.2
238,,24.4,,27.3,,28.8,,30.3,,31.6,,34.5,,37.8,,53.2,,59.3,,62.3,,65.4,,68.5,,74.1,,81.1,,28,,34.1,,36.2,,37.9,,39.1,,41.9,,45,,111.3,,133.3,,141.1,,146.5,,151,,159.2,,168.4
239,,24.3,,27.2,,28.6,,30.1,,31.5,,34.3,,37.6,,52.8,,58.9,,61.9,,65,,68.1,,73.7,,80.5,,27.9,,33.9,,36,,37.6,,38.9,,41.7,,44.8,,110.7,,132.8,,140.3,,145.7,,150.3,,158.6,,167.6
240,,24.1,,27,,28.5,,29.8,,31.3,,34.1,,37.4,,52.3,,58.5,,61.6,,64.7,,67.7,,73.4,,80,,27.8,,33.8,,35.8,,37.3,,38.7,,41.4,,44.6,,110.1,,132.3,,139.4,,144.9,,149.6,,157.9,,166.7
241,,24,,26.9,,28.3,,29.7,,31.1,,33.8,,37.2,,52.1,,58.1,,61.1,,64.3,,67.4,,72.8,,79.4,,27.7,,33.6,,35.6,,37.1,,38.6,,41.1,,44.5,,109.5,,131.6,,138.7,,144.1,,148.6,,156.9,,165.8
242,,23.9,,26.7,,28.1,,29.5,,30.9,,33.6,,37,,51.8,,57.8,,60.7,,63.9,,67,,72.3,,78.9,,27.6,,33.5,,35.5,,36.9,,38.4,,40.9,,44.3,,108.9,,130.9,,138,,143.4,,147.7,,155.9,,165
243,,23.7,,26.5,,28,,29.4,,30.7,,33.3,,36.6,,51.5,,57.4,,60.3,,63.5,,66.5,,71.9,,78.6,,27.5,,33.3,,35.4,,36.8,,38.2,,40.8,,44,,108.4,,130.1,,137.4,,142.7,,147.1,,155,,164.3
244,,23.6,,26.4,,27.8,,29.2,,30.5,,33,,36.4,,51.1,,56.9,,60,,63,,66,,71.5,,78.3,,27.3,,33.2,,35.2,,36.6,,38.1,,40.7,,43.7,,108,,129.4,,136.8,,142,,146.4,,154.1,,163.7
245,,23.5,,26.2,,27.6,,28.9,,30.4,,32.9,,36.3,,50.8,,56.6,,59.7,,62.7,,65.5,,70.9,,77.8,,27.2,,33.1,,35,,36.4,,37.9,,40.4,,43.5,,107.3,,128.7,,136.2,,141.4,,145.7,,153.4,,162.8
246,,23.4,,26,,27.4,,28.7,,30.3,,32.8,,36.3,,50.4,,56.3,,59.4,,62.3,,65,,70.4,,77.3,,27.1,,32.9,,34.8,,36.2,,37.7,,40.2,,43.3,,106.6,,128.1,,135.5,,140.7,,145,,152.8,,161.9
247,,23.1,,25.9,,27.3,,28.5,,30,,32.6,,36,,50.1,,56,,58.9,,61.9,,64.7,,70,,76.8,,26.9,,32.7,,34.7,,36.1,,37.5,,40,,43.2,,106,,127.4,,134.5,,139.7,,144.2,,152,,161.1
248,,22.9,,25.7,,27.1,,28.4,,29.8,,32.5,,35.7,,49.8,,55.7,,58.4,,61.4,,64.3,,69.7,,76.3,,26.8,,32.4,,34.6,,35.9,,37.3,,39.8,,43.1,,105.5,,126.7,,133.6,,138.8,,143.5,,151.1,,160.4
249,,22.9,,25.6,,27,,28.3,,29.6,,32.2,,35.5,,49.4,,55.4,,58,,61,,63.9,,69.4,,75.9,,26.7,,32.3,,34.4,,35.8,,37.2,,39.6,,42.8,,104.9,,126.1,,133.1,,138.2,,142.6,,150.5,,159.4
250,,22.7,,25.5,,26.9,,28.1,,29.5,,32,,35.3,,49,,55.2,,57.5,,60.7,,63.5,,69.1,,75.5,,26.6,,32.2,,34.2,,35.6,,37,,39.5,,42.6,,104.4,,125.5,,132.5,,137.6,,141.8,,149.8,,158.4
251,,22.6,,25.3,,26.7,,28,,29.4,,31.9,,35.1,,48.8,,54.8,,57.2,,60.4,,63.2,,68.5,,75,,26.4,,32.1,,34,,35.4,,36.8,,39.4,,42.5,,103.9,,124.8,,131.7,,136.8,,141.3,,149,,157.9
252,,22.4,,25.2,,26.5,,27.9,,29.2,,31.7,,35,,48.5,,54.4,,56.9,,60,,62.8,,68,,74.5,,26.2,,32,,33.8,,35.2,,36.7,,39.2,,42.3,,103.4,,124.2,,130.9,,136,,140.8,,148.3,,157.4
253,,22.3,,24.9,,26.3,,27.7,,29.1,,31.6,,34.8,,48.3,,54,,56.6,,59.4,,62.4,,67.5,,74,,26.1,,31.8,,33.7,,35,,36.4,,39,,42,,102.9,,123.3,,130.3,,135.3,,140,,147.5,,156.5
254,,22.2,,24.7,,26.2,,27.5,,28.9,,31.4,,34.5,,48.1,,53.6,,56.2,,58.9,,61.9,,67.1,,73.5,,25.9,,31.6,,33.5,,34.8,,36.2,,38.7,,41.7,,102.3,,122.5,,129.6,,134.7,,139.2,,146.6,,155.5
255,,22,,24.7,,26,,27.4,,28.7,,31.2,,34.4,,47.6,,53.2,,55.9,,58.7,,61.6,,66.7,,73.2,,25.8,,31.4,,33.3,,34.7,,36.1,,38.6,,41.5,,101.7,,122.1,,129.2,,133.8,,138.4,,146,,154.8
256,,21.9,,24.7,,25.8,,27.3,,28.5,,31,,34.2,,47.2,,52.8,,55.6,,58.5,,61.2,,66.3,,72.8,,25.6,,31.2,,33.1,,34.6,,35.9,,38.4,,41.4,,101,,121.7,,128.8,,133,,137.7,,145.3,,154
257,,21.8,,24.5,,25.7,,27,,28.4,,30.8,,34.1,,47,,52.4,,55.2,,58.2,,60.8,,66,,72.5,,25.5,,31.1,,33,,34.4,,35.8,,38.1,,41.1,,100.5,,120.9,,127.9,,132.5,,137.1,,144.6,,153.1
258,,21.7,,24.3,,25.6,,26.7,,28.2,,30.6,,34,,46.8,,52.1,,54.8,,57.9,,60.4,,65.6,,72.1,,25.3,,30.9,,32.9,,34.2,,35.6,,37.9,,40.9,,99.9,,120.2,,127,,132,,136.5,,143.8,,152.2
259,,21.5,,24.1,,25.4,,26.6,,27.9,,30.4,,33.7,,46.4,,51.9,,54.5,,57.4,,60,,65.3,,71.5,,25.3,,30.8,,32.7,,34,,35.4,,37.8,,40.7,,99.6,,119.4,,126.3,,131.4,,135.8,,143.1,,151.4
260,,21.3,,24,,25.3,,26.5,,27.7,,30.2,,33.5,,46,,51.7,,54.2,,57,,59.7,,64.9,,71,,25.2,,30.7,,32.5,,33.9,,35.2,,37.7,,40.6,,99.2,,118.7,,125.7,,130.8,,135.1,,142.4,,150.6
261,,21.2,,23.8,,25.1,,26.4,,27.7,,30.1,,33.3,,45.7,,51.3,,53.8,,56.6,,59.2,,64.4,,70.6,,25.1,,30.5,,32.3,,33.8,,35.1,,37.5,,40.4,,98.5,,118.3,,125.1,,129.8,,134.4,,141.5,,150.1
262,,21.1,,23.7,,25,,26.3,,27.6,,29.9,,33.1,,45.5,,50.9,,53.4,,56.3,,58.7,,63.9,,70.3,,24.9,,30.4,,32.2,,33.6,,34.9,,37.3,,40.3,,97.9,,117.9,,124.5,,129,,133.7,,140.7,,149.6
263,,21,,23.5,,24.8,,26.1,,27.4,,29.8,,32.8,,45.2,,50.6,,53.1,,55.9,,58.5,,63.6,,69.8,,24.9,,30.2,,32,,33.4,,34.7,,37.1,,40.1,,97.4,,117,,123.8,,128.5,,133.1,,139.9,,148.8
264,,20.9,,23.4,,24.6,,25.9,,27.2,,29.6,,32.6,,44.8,,50.3,,52.8,,55.5,,58.2,,63.2,,69.4,,24.8,,30,,31.8,,33.2,,34.6,,36.8,,39.9,,96.9,,116.3,,123.1,,128,,132.4,,139.1,,147.9
265,,20.8,,23.3,,24.5,,25.8,,27.1,,29.4,,32.5,,44.7,,49.9,,52.5,,55.2,,58,,62.7,,69.1,,24.6,,29.9,,31.6,,33.2,,34.4,,36.7,,39.7,,96.5,,115.9,,122.6,,127.3,,131.5,,138.6,,147.1
266,,20.6,,23.3,,24.4,,25.7,,27,,29.2,,32.3,,44.5,,49.5,,52.2,,54.9,,57.7,,62.2,,68.8,,24.3,,29.7,,31.4,,33.1,,34.2,,36.5,,39.5,,96.1,,115.5,,122,,126.7,,130.6,,138,,146.3
267,,20.5,,23,,24.3,,25.6,,26.7,,29,,32.2,,44.2,,49.3,,51.9,,54.6,,57.3,,61.9,,68.3,,24.2,,29.5,,31.4,,32.8,,34,,36.3,,39.2,,95.5,,114.7,,121.2,,126,,129.9,,137.4,,145.7
268,,20.4,,22.8,,24.1,,25.4,,26.5,,28.8,,32.1,,43.9,,49.1,,51.6,,54.2,,56.9,,61.6,,67.7,,24.1,,29.4,,31.3,,32.5,,33.9,,36.1,,38.9,,95,,114,,120.4,,125.3,,129.3,,136.7,,145.2
269,,20.2,,22.8,,23.9,,25.2,,26.3,,28.6,,31.9,,43.6,,48.6,,51.2,,53.9,,56.5,,61.4,,67.3,,24.1,,29.2,,31.1,,32.4,,33.7,,35.9,,38.9,,94.7,,113.4,,120,,124.5,,128.7,,136,,144.5
270,,20.1,,22.7,,23.7,,25.1,,26.2,,28.5,,31.8,,43.3,,48.2,,50.8,,53.5,,56.1,,61.2,,66.9,,24.1,,29,,30.9,,32.3,,33.5,,35.8,,38.8,,94.3,,112.8,,119.5,,123.6,,128.1,,135.3,,143.8
271,,20,,22.5,,23.6,,24.9,,26,,28.4,,31.6,,43,,48,,50.5,,53.3,,55.7,,60.7,,66.4,,23.9,,29,,30.8,,32.1,,33.3,,35.6,,38.7,,93.7,,112.3,,118.7,,123.1,,127.5,,134.6,,143.1
272,,19.9,,22.4,,23.5,,24.7,,25.9,,28.3,,31.3,,42.7,,47.7,,50.2,,53,,55.4,,60.2,,66,,23.7,,28.9,,30.7,,32,,33.1,,35.4,,38.5,,93,,111.8,,118,,122.6,,126.8,,133.9,,142.4
273,,19.7,,22.2,,23.4,,24.6,,25.8,,28.1,,31.2,,42.4,,47.4,,49.9,,52.6,,55.2,,59.8,,65.7,,23.6,,28.7,,30.5,,31.8,,33.1,,35.3,,38.2,,92.5,,111.4,,117.4,,122,,126.1,,133.3,,141.6
274,,19.6,,22,,23.4,,24.6,,25.6,,27.9,,31,,42.1,,47.2,,49.7,,52.2,,55,,59.3,,65.4,,23.6,,28.5,,30.3,,31.6,,33,,35.1,,38,,92,,111,,116.8,,121.4,,125.4,,132.8,,140.9
275,,19.6,,21.9,,23.2,,24.4,,25.5,,27.8,,30.8,,41.9,,46.9,,49.4,,51.9,,54.7,,59,,65.1,,23.3,,28.4,,30.2,,31.4,,32.8,,35,,37.9,,91.6,,110.3,,116.2,,120.9,,125,,132.1,,140.3
276,,19.5,,21.8,,23,,24.2,,25.3,,27.6,,30.6,,41.7,,46.7,,49.1,,51.6,,54.4,,58.7,,64.7,,23.1,,28.3,,30.1,,31.3,,32.5,,34.9,,37.8,,91.1,,109.6,,115.6,,120.4,,124.5,,131.5,,139.6
277,,19.3,,21.7,,22.9,,24,,25.2,,27.5,,30.4,,41.4,,46.3,,48.7,,51.3,,53.9,,58.4,,64.2,,23.1,,28.2,,29.9,,31.1,,32.3,,34.7,,37.6,,90.6,,108.9,,115,,119.6,,123.8,,130.9,,138.9
278,,19.2,,21.6,,22.7,,23.7,,25,,27.4,,30.2,,41.2,,45.9,,48.4,,50.9,,53.4,,58,,63.8,,23,,28.1,,29.7,,30.9,,32.2,,34.6,,37.4,,90,,108.2,,114.5,,118.9,,123.1,,130.4,,138.3
279,,19.1,,21.4,,22.5,,23.6,,24.9,,27.3,,30.2,,40.8,,45.7,,48.1,,50.7,,53.2,,57.7,,63.4,,22.9,,28,,29.7,,30.8,,32,,34.4,,37.3,,89.6,,107.6,,113.9,,118.2,,122.5,,129.6,,137.5
280,,18.9,,21.2,,22.3,,23.6,,24.8,,27.1,,30.1,,40.5,,45.4,,47.9,,50.5,,52.9,,57.5,,63,,22.8,,27.8,,29.6,,30.7,,31.9,,34.2,,37.2,,89.3,,107.1,,113.3,,117.6,,121.8,,128.8,,136.8
281,,18.9,,21.1,,22.3,,23.5,,24.7,,26.9,,29.8,,40.3,,45.2,,47.5,,50,,52.5,,57.1,,62.7,,22.7,,27.6,,29.4,,30.6,,31.8,,34,,37,,88.9,,106.7,,112.8,,117.1,,121.3,,128.3,,136.2
282,,18.8,,21,,22.3,,23.4,,24.5,,26.7,,29.5,,40,,45,,47.2,,49.6,,52.2,,56.7,,62.4,,22.6,,27.5,,29.2,,30.4,,31.7,,33.8,,36.8,,88.5,,106.4,,112.2,,116.6,,120.7,,127.7,,135.6
283,,18.6,,20.9,,22.1,,23.2,,24.3,,26.6,,29.4,,39.9,,44.7,,46.8,,49.3,,51.8,,56.3,,62.1,,22.5,,27.4,,29,,30.3,,31.6,,33.8,,36.5,,87.9,,105.8,,111.8,,116,,120.1,,127,,134.9
284,,18.5,,20.8,,21.9,,23,,24.2,,26.5,,29.3,,39.7,,44.4,,46.5,,48.9,,51.5,,56,,61.8,,22.4,,27.3,,28.8,,30.1,,31.4,,33.7,,36.3,,87.3,,105.2,,111.3,,115.4,,119.4,,126.3,,134.3
285,,18.4,,20.7,,21.8,,22.9,,24,,26.3,,29.2,,39.4,,44,,46.3,,48.8,,51.2,,55.7,,61.3,,22.3,,27,,28.7,,30,,31.3,,33.6,,36.2,,87,,104.7,,110.6,,114.9,,118.8,,125.6,,133.4
286,,18.3,,20.6,,21.7,,22.8,,23.9,,26.2,,29.1,,39,,43.7,,46.1,,48.6,,50.8,,55.4,,60.8,,22.2,,26.8,,28.6,,29.9,,31.1,,33.4,,36.1,,86.6,,104.2,,109.9,,114.4,,118.1,,125,,132.6
287,,18.3,,20.5,,21.5,,22.7,,23.8,,26,,28.9,,38.9,,43.5,,45.7,,48.3,,50.6,,55,,60.5,,22.1,,26.8,,28.4,,29.8,,30.9,,33.2,,35.8,,86.2,,103.6,,109.1,,113.9,,117.6,,124.4,,132.1
288,,18.2,,20.3,,21.2,,22.6,,23.6,,25.9,,28.7,,38.7,,43.2,,45.3,,48,,50.3,,54.7,,60.3,,22,,26.7,,28.3,,29.7,,30.7,,33,,35.6,,85.8,,103.1,,108.4,,113.4,,117,,123.8,,131.5
289,,18.1,,20.2,,21.2,,22.4,,23.6,,25.7,,28.5,,38.5,,43,,45.2,,47.7,,49.9,,54.3,,59.8,,21.9,,26.5,,28.2,,29.5,,30.5,,32.9,,35.5,,85.3,,102.5,,108.2,,112.8,,116.2,,123.1,,130.9
290,,17.9,,20.2,,21.2,,22.3,,23.5,,25.6,,28.3,,38.3,,42.8,,45,,47.4,,49.6,,54,,59.4,,21.8,,26.3,,28.1,,29.3,,30.4,,32.7,,35.4,,84.8,,102,,107.9,,112.2,,115.5,,122.5,,130.2
291,,17.8,,20,,21.1,,22.1,,23.3,,25.4,,28.2,,38.1,,42.3,,44.7,,47,,49.4,,53.6,,59.1,,21.7,,26.2,,28,,29.2,,30.3,,32.5,,35.2,,84.4,,101.5,,107.4,,111.5,,115,,121.9,,129.6
292,,17.7,,19.9,,21,,22,,23.1,,25.3,,28,,37.8,,41.9,,44.5,,46.6,,49.2,,53.3,,58.9,,21.6,,26.1,,27.8,,29,,30.1,,32.2,,35.1,,83.9,,101,,106.8,,110.8,,114.6,,121.4,,129
293,,17.6,,19.8,,20.8,,21.9,,22.9,,25.1,,27.9,,37.5,,41.8,,44.2,,46.4,,48.8,,52.9,,58.5,,21.5,,26,,27.7,,28.8,,29.9,,32.1,,34.9,,83.5,,100.5,,106.1,,110.2,,114.1,,120.7,,128.2
294,,17.4,,19.6,,20.6,,21.8,,22.8,,25,,27.7,,37.1,,41.8,,43.8,,46.2,,48.4,,52.6,,58.1,,21.3,,25.8,,27.5,,28.6,,29.7,,32,,34.8,,83.1,,99.9,,105.4,,109.6,,113.6,,120.1,,127.4
295,,17.4,,19.5,,20.5,,21.6,,22.7,,24.8,,27.6,,37,,41.5,,43.5,,45.8,,48.1,,52.3,,57.7,,21.3,,25.7,,27.3,,28.5,,29.7,,31.8,,34.6,,82.7,,99.4,,105.1,,109.1,,113.2,,119.5,,127
296,,17.3,,19.3,,20.4,,21.4,,22.7,,24.6,,27.4,,36.8,,41.3,,43.3,,45.4,,47.9,,52,,57.3,,21.2,,25.7,,27.2,,28.3,,29.6,,31.6,,34.5,,82.3,,98.9,,104.7,,108.7,,112.7,,118.8,,126.5
297,,17.2,,19.3,,20.3,,21.4,,22.6,,24.5,,27.2,,36.6,,41,,43.1,,45.2,,47.5,,51.6,,57.1,,21.1,,25.5,,27.1,,28.2,,29.4,,31.5,,34.3,,81.7,,98.3,,104.1,,107.9,,111.8,,118.3,,125.9
298,,17.1,,19.2,,20.3,,21.3,,22.4,,24.4,,27,,36.3,,40.7,,42.9,,44.9,,47.1,,51.3,,56.8,,21,,25.4,,27,,28.1,,29.2,,31.4,,34.2,,81.1,,97.8,,103.5,,107.2,,111,,117.7,,125.3
299,,17,,19.1,,20.1,,21.1,,22.2,,24.2,,26.8,,36.2,,40.4,,42.6,,44.8,,46.9,,51.1,,56.4,,20.9,,25.3,,26.8,,28,,29.2,,31.4,,33.9,,80.8,,97.3,,102.8,,106.8,,110.5,,117.1,,124.7
300,,16.8,,18.9,,20,,21,,22,,24.1,,26.7,,36,,40.1,,42.4,,44.7,,46.7,,50.9,,56,,20.8,,25.2,,26.7,,27.8,,29.2,,31.3,,33.7,,80.5,,96.8,,102.1,,106.3,,110,,116.4,,124.1
301,,16.8,,18.9,,19.9,,20.9,,21.9,,24,,26.6,,35.8,,39.9,,42.1,,44.3,,46.5,,50.6,,55.8,,20.7,,25.1,,26.6,,27.8,,29,,31.1,,33.6,,80.1,,96.4,,101.8,,105.9,,109.4,,115.9,,123.3
302,,16.7,,18.8,,19.8,,20.8,,21.7,,23.9,,26.5,,35.6,,39.6,,41.9,,43.9,,46.3,,50.4,,55.6,,20.6,,25,,26.5,,27.7,,28.8,,30.9,,33.4,,79.7,,95.9,,101.5,,105.5,,108.8,,115.4,,122.5
303,,16.6,,18.6,,19.7,,20.6,,21.6,,23.7,,26.4,,35.3,,39.4,,41.6,,43.6,,46,,50,,55.3,,20.5,,24.9,,26.4,,27.6,,28.7,,30.8,,33.3,,79.4,,95.6,,101,,105.2,,108.4,,114.9,,122.1
304,,16.4,,18.4,,19.6,,20.5,,21.5,,23.5,,26.4,,35,,39.2,,41.3,,43.3,,45.7,,49.6,,54.9,,20.4,,24.8,,26.3,,27.4,,28.6,,30.6,,33.2,,79.1,,95.2,,100.4,,104.7,,107.9,,114.5,,121.6
305,,16.4,,18.3,,19.5,,20.4,,21.5,,23.5,,26.1,,34.9,,39,,41.1,,43.1,,45.4,,49.4,,54.5,,20.3,,24.7,,26.1,,27.3,,28.4,,30.5,,33.1,,78.8,,94.7,,99.8,,103.9,,107.5,,113.8,,121.1
306,,16.3,,18.3,,19.4,,20.4,,21.4,,23.4,,25.9,,34.7,,38.9,,40.9,,42.9,,45.1,,49.1,,54.1,,20.2,,24.5,,26,,27.2,,28.3,,30.3,,33,,78.4,,94.2,,99.2,,103,,107,,113.1,,120.5
307,,16.2,,18.2,,19.2,,20.3,,21.2,,23.2,,25.8,,34.4,,38.5,,40.6,,42.8,,44.9,,48.8,,53.8,,20,,24.4,,25.9,,27,,28.2,,30.2,,32.8,,77.9,,93.7,,99,,102.7,,106.5,,112.9,,119.8
308,,16.1,,18.1,,19,,20.2,,21.1,,23,,25.7,,34.1,,38.2,,40.3,,42.5,,44.6,,48.5,,53.5,,19.9,,24.3,,25.7,,26.8,,28,,30.1,,32.6,,77.4,,93.3,,98.7,,102.3,,105.8,,112.5,,119.2
309,,16,,18,,18.9,,20,,21,,23,,25.5,,33.9,,38,,40.1,,42.1,,44.2,,48.1,,53.1,,19.8,,24.1,,25.7,,26.7,,27.9,,30,,32.4,,77,,92.7,,98.1,,101.7,,105.1,,111.9,,118.9
310,,15.9,,17.9,,18.8,,19.9,,20.8,,22.9,,25.3,,33.7,,37.8,,39.8,,41.8,,43.9,,47.8,,52.7,,19.6,,23.9,,25.6,,26.6,,27.8,,29.8,,32.3,,76.6,,92.1,,97.4,,101.1,,104.4,,111.2,,118.5
311,,15.8,,17.8,,18.8,,19.7,,20.7,,22.7,,25.2,,33.5,,37.6,,39.5,,41.6,,43.6,,47.6,,52.5,,19.6,,23.8,,25.4,,26.4,,27.6,,29.6,,32.1,,76.2,,91.6,,97,,100.7,,104.1,,110.4,,117.7
312,,15.7,,17.7,,18.7,,19.6,,20.6,,22.6,,25.1,,33.2,,37.4,,39.2,,41.4,,43.3,,47.5,,52.3,,19.5,,23.8,,25.2,,26.3,,27.5,,29.5,,31.9,,75.8,,91.1,,96.5,,100.2,,103.7,,109.6,,116.9
313,,15.6,,17.5,,18.5,,19.5,,20.5,,22.4,,25,,33.1,,37.1,,39.1,,41.1,,43.2,,47.1,,51.9,,19.4,,23.6,,25.1,,26.2,,27.3,,29.3,,31.9,,75.3,,90.6,,96,,99.7,,103.2,,109,,116.4
314,,15.6,,17.4,,18.4,,19.4,,20.3,,22.2,,24.9,,33,,36.8,,38.9,,40.8,,43.1,,46.7,,51.5,,19.4,,23.5,,24.9,,26.1,,27.1,,29.2,,31.8,,74.9,,90.1,,95.5,,99.3,,102.6,,108.5,,115.8
315,,15.4,,17.3,,18.3,,19.3,,20.2,,22.2,,24.8,,32.8,,36.6,,38.6,,40.5,,42.7,,46.6,,51.2,,19.3,,23.4,,24.8,,26,,27,,29.1,,31.5,,74.8,,89.7,,94.9,,98.8,,102.1,,108.1,,115.4
316,,15.3,,17.2,,18.2,,19.2,,20.1,,22.1,,24.6,,32.6,,36.4,,38.3,,40.3,,42.3,,46.4,,50.9,,19.2,,23.3,,24.7,,25.9,,26.9,,29,,31.3,,74.6,,89.3,,94.3,,98.4,,101.5,,107.6,,114.9
317,,15.2,,17.1,,18.1,,19.1,,20,,22,,24.4,,32.4,,36.2,,38,,40.1,,42.1,,46.1,,50.7,,19.1,,23.2,,24.6,,25.7,,26.9,,28.8,,31.3,,74.1,,88.9,,93.8,,97.8,,101,,107.1,,114.3
318,,15.2,,17,,18,,19,,19.9,,21.8,,24.2,,32.2,,36,,37.7,,39.9,,41.9,,45.7,,50.5,,19,,23.1,,24.4,,25.6,,26.9,,28.6,,31.2,,73.5,,88.4,,93.3,,97.3,,100.4,,106.5,,113.7
319,,15.1,,16.9,,17.9,,18.9,,19.8,,21.7,,24.2,,31.9,,35.8,,37.6,,39.7,,41.7,,45.5,,50.2,,18.9,,23,,24.4,,25.5,,26.6,,28.5,,31,,73.2,,87.9,,92.9,,96.7,,100.2,,106.1,,113.2
320,,15,,16.8,,17.9,,18.7,,19.8,,21.5,,24.1,,31.6,,35.6,,37.5,,39.5,,41.4,,45.2,,50,,18.8,,22.9,,24.4,,25.3,,26.4,,28.4,,30.8,,72.8,,87.5,,92.5,,96.2,,99.9,,105.7,,112.7
321,,14.9,,16.7,,17.8,,18.6,,19.6,,21.4,,24,,31.5,,35.3,,37.4,,39.2,,41,,44.8,,49.7,,18.8,,22.7,,24.2,,25.2,,26.2,,28.2,,30.7,,72.4,,87.1,,92.1,,96,,99.3,,105.3,,112.2
322,,14.9,,16.6,,17.6,,18.5,,19.5,,21.4,,23.9,,31.4,,35.1,,37.2,,38.9,,40.7,,44.4,,49.4,,18.7,,22.6,,24.1,,25.2,,26,,28.1,,30.6,,72,,86.7,,91.6,,95.7,,98.7,,104.8,,111.6
323,,14.7,,16.6,,17.6,,18.4,,19.3,,21.2,,23.7,,31.2,,34.8,,36.9,,38.8,,40.6,,44.3,,49.2,,18.6,,22.5,,24,,25,,26,,27.9,,30.4,,71.7,,86.4,,91.1,,95,,98.3,,104.3,,111
324,,14.6,,16.5,,17.5,,18.3,,19.2,,21.1,,23.6,,31,,34.6,,36.6,,38.6,,40.4,,44.1,,48.9,,18.5,,22.4,,23.9,,24.8,,25.9,,27.8,,30.2,,71.3,,86,,90.7,,94.3,,97.8,,103.8,,110.5
325,,14.6,,16.3,,17.3,,18.2,,19.1,,21.1,,23.4,,30.8,,34.4,,36.4,,38.4,,40.2,,43.9,,48.6,,18.4,,22.3,,23.8,,24.8,,25.9,,27.6,,30.1,,71,,85.4,,90.3,,93.9,,97.3,,103.1,,109.9
326,,14.5,,16.2,,17.1,,18.1,,19.1,,21,,23.3,,30.5,,34.2,,36.1,,38.1,,40,,43.6,,48.3,,18.3,,22.1,,23.6,,24.7,,25.8,,27.5,,30,,70.6,,84.8,,89.9,,93.4,,96.8,,102.5,,109.4
327,,14.5,,16.2,,17.1,,18,,18.9,,20.8,,23.1,,30.3,,34,,35.9,,37.9,,39.7,,43.3,,48.1,,18.2,,22.1,,23.5,,24.5,,25.5,,27.5,,29.9,,70.3,,84.5,,89.5,,92.9,,96.4,,102.1,,108.9
328,,14.5,,16.2,,17,,17.9,,18.8,,20.6,,23,,30.2,,33.8,,35.7,,37.6,,39.5,,42.9,,47.9,,18.1,,22.1,,23.4,,24.3,,25.3,,27.4,,29.8,,70,,84.3,,89.1,,92.4,,96,,101.6,,108.4
329,,14.3,,16,,16.9,,17.8,,18.7,,20.6,,22.9,,29.9,,33.6,,35.5,,37.3,,39.3,,42.7,,47.5,,18,,22,,23.3,,24.3,,25.3,,27.2,,29.7,,69.6,,83.7,,88.6,,92,,95.5,,101,,108
330,,14.2,,15.9,,16.8,,17.8,,18.6,,20.5,,22.7,,29.7,,33.4,,35.2,,37.1,,39,,42.4,,47.1,,18,,21.8,,23.2,,24.2,,25.2,,27,,29.5,,69.3,,83.1,,88.1,,91.6,,95,,100.4,,107.5
331,,14.1,,15.8,,16.7,,17.6,,18.5,,20.4,,22.6,,29.6,,33.2,,35,,36.9,,38.8,,42.2,,46.9,,17.8,,21.7,,23,,24.1,,25,,26.9,,29.4,,68.9,,82.8,,87.7,,91.2,,94.5,,100.1,,106.9
332,,14,,15.7,,16.6,,17.5,,18.4,,20.2,,22.4,,29.5,,32.9,,34.8,,36.7,,38.6,,42.1,,46.6,,17.7,,21.6,,22.9,,24,,24.9,,26.8,,29.2,,68.5,,82.4,,87.4,,90.8,,94,,99.8,,106.4
333,,14,,15.6,,16.5,,17.4,,18.4,,20.2,,22.4,,29.3,,32.8,,34.5,,36.5,,38.3,,41.8,,46.3,,17.7,,21.5,,22.8,,23.9,,24.7,,26.7,,29,,68.1,,81.9,,87,,90.2,,93.5,,99.1,,105.8
334,,13.9,,15.5,,16.4,,17.3,,18.3,,20.1,,22.3,,29.1,,32.6,,34.3,,36.2,,38,,41.6,,46,,17.6,,21.4,,22.7,,23.7,,24.6,,26.5,,28.8,,67.8,,81.5,,86.6,,89.7,,93.1,,98.5,,105.3
335,,13.8,,15.5,,16.3,,17.2,,18.1,,19.9,,22.2,,29,,32.3,,34.2,,36,,37.8,,41.4,,45.7,,17.5,,21.2,,22.6,,23.5,,24.6,,26.5,,28.8,,67.5,,81.2,,86.1,,89.3,,92.5,,98,,104.8
336,,13.7,,15.4,,16.2,,17.1,,18,,19.7,,22,,28.8,,32.1,,34.1,,35.8,,37.7,,41.2,,45.5,,17.4,,21.1,,22.5,,23.4,,24.5,,26.4,,28.7,,67.2,,80.9,,85.5,,88.9,,91.9,,97.6,,104.3
337,,13.7,,15.3,,16.1,,17,,17.9,,19.6,,21.8,,28.7,,32,,33.9,,35.6,,37.6,,40.9,,45.4,,17.3,,21,,22.4,,23.3,,24.4,,26.1,,28.5,,66.7,,80.5,,85,,88.4,,91.7,,97.3,,103.8
338,,13.6,,15.2,,16,,16.9,,17.8,,19.4,,21.7,,28.5,,31.9,,33.6,,35.4,,37.4,,40.5,,45.2,,17.2,,20.9,,22.3,,23.2,,24.3,,25.9,,28.3,,66.3,,80.1,,84.5,,87.9,,91.4,,96.9,,103.3
339,,13.5,,15.1,,15.9,,16.7,,17.7,,19.3,,21.6,,28.3,,31.6,,33.4,,35.2,,37,,40.4,,44.9,,17.2,,20.7,,22.2,,23.2,,24.2,,25.9,,28.3,,66.1,,79.7,,84.1,,87.5,,90.9,,96.5,,102.9
340,,13.4,,15,,15.8,,16.6,,17.6,,19.2,,21.5,,28.1,,31.3,,33.3,,35,,36.7,,40.2,,44.6,,17.2,,20.6,,22.1,,23.2,,24.1,,25.8,,28.2,,65.9,,79.4,,83.8,,87.1,,90.4,,96.1,,102.5
341,,13.3,,14.9,,15.7,,16.6,,17.5,,19.2,,21.4,,27.9,,31.2,,33,,34.8,,36.5,,39.9,,44.4,,17.1,,20.6,,21.9,,23,,23.9,,25.8,,28,,65.5,,78.8,,83.5,,86.8,,90,,95.5,,102
342,,13.3,,14.8,,15.6,,16.6,,17.3,,19.1,,21.3,,27.7,,31,,32.8,,34.6,,36.4,,39.6,,44.1,,17,,20.5,,21.8,,22.9,,23.7,,25.7,,27.8,,65.2,,78.3,,83.1,,86.4,,89.5,,95,,101.5
343,,13.2,,14.7,,15.6,,16.5,,17.3,,19,,21.1,,27.5,,30.9,,32.6,,34.3,,36.1,,39.3,,43.8,,16.9,,20.4,,21.7,,22.8,,23.6,,25.5,,27.7,,64.8,,78,,82.7,,86,,89,,94.3,,100.9
344,,13.1,,14.6,,15.5,,16.4,,17.2,,19,,21,,27.4,,30.8,,32.5,,34.1,,35.9,,39.1,,43.5,,16.8,,20.4,,21.6,,22.7,,23.5,,25.4,,27.6,,64.5,,77.7,,82.3,,85.6,,88.6,,93.7,,100.3
345,,13,,14.5,,15.4,,16.2,,17.1,,18.8,,20.9,,27.3,,30.5,,32.3,,33.9,,35.7,,39,,43.3,,16.7,,20.2,,21.5,,22.5,,23.5,,25.3,,27.5,,64.3,,77.4,,81.9,,85.1,,88.2,,93.2,,99.9
346,,12.9,,14.4,,15.3,,16.1,,16.9,,18.7,,20.8,,27.2,,30.2,,32.1,,33.6,,35.6,,38.8,,43,,16.7,,20.1,,21.4,,22.4,,23.5,,25.2,,27.4,,64.1,,77.1,,81.4,,84.6,,87.8,,92.8,,99.5
347,,12.9,,14.3,,15.2,,16.1,,16.8,,18.6,,20.7,,27,,30.1,,31.8,,33.5,,35.4,,38.6,,42.6,,16.6,,20.1,,21.3,,22.3,,23.4,,25.1,,27.3,,63.7,,76.8,,80.9,,84.1,,87.4,,92.3,,99
348,,12.9,,14.2,,15.2,,16,,16.8,,18.5,,20.6,,26.8,,29.9,,31.6,,33.4,,35.2,,38.4,,42.3,,16.5,,20.1,,21.3,,22.3,,23.3,,25,,27.2,,63.3,,76.4,,80.5,,83.6,,87,,91.9,,98.5
349,,12.8,,14.2,,15.1,,15.9,,16.7,,18.4,,20.5,,26.7,,29.8,,31.5,,33.2,,34.9,,38.1,,42.2,,16.3,,19.9,,21.2,,22.2,,23.1,,24.8,,27,,62.9,,75.8,,80.2,,83.2,,86.5,,91.7,,98.1
350,,12.6,,14.2,,15,,15.8,,16.6,,18.3,,20.3,,26.5,,29.6,,31.3,,33.1,,34.6,,37.9,,42,,16.2,,19.8,,21.1,,22.1,,23,,24.7,,26.9,,62.6,,75.2,,79.9,,82.9,,86.1,,91.5,,97.6
